id_karyawan,nama,departemen,jam_kerja_sebulan,output_task,gaji_pokok
2001,Karyawan_2001,Admin,183,56,6000000
2002,Karyawan_2002,Admin,163,33,8500000
2003,Karyawan_2003,Developer,167,54,7000000
2004,Karyawan_2004,Security,169,50,7000000
2005,Karyawan_2005,Admin,178,50,7000000
2006,Karyawan_2006,Security,166,25,10000000
2007,Karyawan_2007,Admin,163,41,8500000
2008,Karyawan_2008,Admin,170,57,8000000
2009,Karyawan_2009,Admin,206,23,7000000
2010,Karyawan_2010,Security,170,58,10000000
2011,Karyawan_2011,Security,164,32,8000000
2012,Karyawan_2012,Security,199,59,6000000
2013,Karyawan_2013,Designer,158,49,8500000
2014,Karyawan_2014,Designer,163,40,8500000
2015,Karyawan_2015,Marketing,198,37,10000000
2016,Karyawan_2016,Designer,185,50,8000000
2017,Karyawan_2017,Admin,159,45,10000000
2018,Karyawan_2018,Developer,151,44,8500000
2019,Karyawan_2019,Security,194,36,8000000
2020,Karyawan_2020,Admin,181,24,10000000
2021,Karyawan_2021,Admin,204,37,8000000
2022,Karyawan_2022,Marketing,157,51,10000000
2023,Karyawan_2023,Security,166,48,8500000
2024,Karyawan_2024,Marketing,194,34,8000000
2025,Karyawan_2025,Admin,153,33,10000000
2026,Karyawan_2026,Admin,165,28,8500000
2027,Karyawan_2027,Developer,174,40,10000000
2028,Karyawan_2028,Admin,205,29,8000000
2029,Karyawan_2029,Designer,204,32,8000000
2030,Karyawan_2030,Marketing,176,57,8000000
2031,Karyawan_2031,Admin,163,29,8500000
2032,Karyawan_2032,Marketing,203,22,8500000
2033,Karyawan_2033,Marketing,178,38,7000000
2034,Karyawan_2034,Designer,174,20,7000000
2035,Karyawan_2035,Designer,201,54,7000000
2036,Karyawan_2036,Security,168,44,10000000
2037,Karyawan_2037,Developer,153,45,8000000
2038,Karyawan_2038,Marketing,164,55,7000000
2039,Karyawan_2039,Marketing,175,56,8500000
2040,Karyawan_2040,Marketing,187,23,8500000
2041,Karyawan_2041,Admin,164,40,7000000
2042,Karyawan_2042,Designer,186,58,6000000
2043,Karyawan_2043,Designer,163,59,10000000
2044,Karyawan_2044,Admin,170,43,8000000
2045,Karyawan_2045,Designer,189,21,6000000
2046,Karyawan_2046,Developer,173,54,8000000
2047,Karyawan_2047,Marketing,153,23,8500000
2048,Karyawan_2048,Admin,152,53,8000000
2049,Karyawan_2049,Developer,182,40,6000000
2050,Karyawan_2050,Security,182,54,8000000
2051,Karyawan_2051,Admin,172,24,10000000
2052,Karyawan_2052,Developer,182,34,7000000
2053,Karyawan_2053,Security,161,36,8000000
2054,Karyawan_2054,Developer,164,59,6000000
2055,Karyawan_2055,Designer,154,48,8000000
2056,Karyawan_2056,Marketing,191,46,8000000
2057,Karyawan_2057,Designer,189,47,8500000
2058,Karyawan_2058,Admin,177,46,8000000
2059,Karyawan_2059,Developer,151,56,10000000
2060,Karyawan_2060,Designer,190,41,10000000
2061,Karyawan_2061,Marketing,207,22,8500000
2062,Karyawan_2062,Admin,187,31,8000000
2063,Karyawan_2063,Marketing,181,20,8000000
2064,Karyawan_2064,Designer,191,34,7000000
2065,Karyawan_2065,Security,182,52,6000000
2066,Karyawan_2066,Developer,159,31,8500000
2067,Karyawan_2067,Security,194,26,6000000
2068,Karyawan_2068,Security,207,56,8500000
2069,Karyawan_2069,Designer,164,34,8500000
2070,Karyawan_2070,Marketing,194,32,8000000
2071,Karyawan_2071,Designer,199,50,8000000
2072,Karyawan_2072,Security,166,28,8000000
2073,Karyawan_2073,Admin,188,33,10000000
2074,Karyawan_2074,Admin,179,23,6000000
2075,Karyawan_2075,Marketing,178,59,7000000
2076,Karyawan_2076,Marketing,170,58,8500000
2077,Karyawan_2077,Admin,151,41,10000000
2078,Karyawan_2078,Marketing,155,22,6000000
2079,Karyawan_2079,Marketing,162,33,8000000
2080,Karyawan_2080,Admin,186,24,7000000
2081,Karyawan_2081,Marketing,186,30,6000000
2082,Karyawan_2082,Marketing,152,51,10000000
2083,Karyawan_2083,Security,159,28,10000000
2084,Karyawan_2084,Security,194,30,7000000
2085,Karyawan_2085,Developer,179,29,6000000
2086,Karyawan_2086,Marketing,203,54,10000000
2087,Karyawan_2087,Admin,179,41,8000000
2088,Karyawan_2088,Developer,188,40,10000000
2089,Karyawan_2089,Admin,153,20,8500000
2090,Karyawan_2090,Security,183,57,8000000
2091,Karyawan_2091,Designer,180,41,8500000
2092,Karyawan_2092,Developer,175,29,10000000
2093,Karyawan_2093,Designer,154,40,8000000
2094,Karyawan_2094,Admin,201,30,8000000
2095,Karyawan_2095,Marketing,173,42,10000000
2096,Karyawan_2096,Designer,193,59,10000000
2097,Karyawan_2097,Designer,186,55,8500000
2098,Karyawan_2098,Developer,173,26,6000000
2099,Karyawan_2099,Security,173,36,8000000
2100,Karyawan_2100,Admin,200,49,7000000
2101,Karyawan_2101,Admin,209,45,8000000
2102,Karyawan_2102,Admin,171,47,8000000
2103,Karyawan_2103,Developer,203,37,8000000
2104,Karyawan_2104,Designer,198,47,8500000
2105,Karyawan_2105,Developer,163,59,8000000
2106,Karyawan_2106,Designer,188,25,7000000
2107,Karyawan_2107,Marketing,205,21,8500000
2108,Karyawan_2108,Marketing,160,35,8000000
2109,Karyawan_2109,Marketing,185,20,8500000
2110,Karyawan_2110,Developer,174,53,10000000
2111,Karyawan_2111,Admin,183,42,10000000
2112,Karyawan_2112,Designer,170,34,7000000
2113,Karyawan_2113,Security,179,56,8500000
2114,Karyawan_2114,Admin,203,50,10000000
2115,Karyawan_2115,Designer,183,52,10000000
2116,Karyawan_2116,Security,186,32,8500000
2117,Karyawan_2117,Admin,183,35,6000000
2118,Karyawan_2118,Security,206,35,7000000
2119,Karyawan_2119,Admin,182,52,8500000
2120,Karyawan_2120,Admin,183,43,6000000
2121,Karyawan_2121,Developer,163,55,8500000
2122,Karyawan_2122,Marketing,168,51,7000000
2123,Karyawan_2123,Designer,196,22,8000000
2124,Karyawan_2124,Admin,166,24,7000000
2125,Karyawan_2125,Designer,195,52,10000000
2126,Karyawan_2126,Developer,150,24,8500000
2127,Karyawan_2127,Developer,166,52,8000000
2128,Karyawan_2128,Developer,184,31,7000000
2129,Karyawan_2129,Developer,157,42,8500000
2130,Karyawan_2130,Marketing,209,59,10000000
2131,Karyawan_2131,Marketing,159,38,8000000
2132,Karyawan_2132,Security,163,23,8500000
2133,Karyawan_2133,Marketing,198,47,7000000
2134,Karyawan_2134,Marketing,184,35,8500000
2135,Karyawan_2135,Designer,169,24,10000000
2136,Karyawan_2136,Designer,172,55,6000000
2137,Karyawan_2137,Security,208,48,6000000
2138,Karyawan_2138,Admin,173,31,8000000
2139,Karyawan_2139,Developer,164,20,10000000
2140,Karyawan_2140,Designer,159,21,6000000
2141,Karyawan_2141,Developer,162,57,8000000
2142,Karyawan_2142,Developer,177,57,8000000
2143,Karyawan_2143,Security,168,30,10000000
2144,Karyawan_2144,Marketing,159,30,6000000
2145,Karyawan_2145,Security,193,45,8500000
2146,Karyawan_2146,Developer,197,48,7000000
2147,Karyawan_2147,Marketing,160,53,7000000
2148,Karyawan_2148,Designer,183,28,10000000
2149,Karyawan_2149,Developer,169,47,6000000
2150,Karyawan_2150,Security,175,49,10000000
2151,Karyawan_2151,Marketing,206,55,8000000
2152,Karyawan_2152,Marketing,181,32,8000000
2153,Karyawan_2153,Marketing,195,27,6000000
2154,Karyawan_2154,Marketing,170,57,10000000
2155,Karyawan_2155,Developer,203,21,8000000
2156,Karyawan_2156,Designer,163,29,8000000
2157,Karyawan_2157,Admin,175,32,8500000
2158,Karyawan_2158,Developer,208,33,6000000
2159,Karyawan_2159,Security,154,36,10000000
2160,Karyawan_2160,Security,160,48,8500000
2161,Karyawan_2161,Designer,158,46,6000000
2162,Karyawan_2162,Security,152,26,7000000
2163,Karyawan_2163,Designer,203,48,8500000
2164,Karyawan_2164,Developer,196,22,8500000
2165,Karyawan_2165,Designer,201,31,8000000
2166,Karyawan_2166,Designer,204,35,10000000
2167,Karyawan_2167,Developer,161,46,8500000
2168,Karyawan_2168,Marketing,175,21,8500000
2169,Karyawan_2169,Developer,193,33,7000000
2170,Karyawan_2170,Designer,197,50,6000000
2171,Karyawan_2171,Marketing,204,28,7000000
2172,Karyawan_2172,Security,157,56,8500000
2173,Karyawan_2173,Admin,166,56,10000000
2174,Karyawan_2174,Marketing,189,53,8500000
2175,Karyawan_2175,Designer,194,52,7000000
2176,Karyawan_2176,Security,169,28,6000000
2177,Karyawan_2177,Security,204,31,10000000
2178,Karyawan_2178,Admin,160,48,6000000
2179,Karyawan_2179,Security,175,58,8000000
2180,Karyawan_2180,Marketing,207,21,8000000
2181,Karyawan_2181,Designer,186,41,10000000
2182,Karyawan_2182,Admin,188,54,10000000
2183,Karyawan_2183,Admin,172,44,8500000
2184,Karyawan_2184,Developer,199,33,10000000
2185,Karyawan_2185,Designer,193,54,7000000
2186,Karyawan_2186,Designer,166,48,10000000
2187,Karyawan_2187,Designer,198,37,6000000
2188,Karyawan_2188,Developer,178,58,8500000
2189,Karyawan_2189,Marketing,201,54,8500000
2190,Karyawan_2190,Admin,165,25,8000000
2191,Karyawan_2191,Marketing,166,30,8000000
2192,Karyawan_2192,Designer,195,50,6000000
2193,Karyawan_2193,Admin,174,20,7000000
2194,Karyawan_2194,Security,180,28,7000000
2195,Karyawan_2195,Security,190,44,7000000
2196,Karyawan_2196,Security,171,22,8000000
2197,Karyawan_2197,Developer,180,39,7000000
2198,Karyawan_2198,Security,152,35,7000000
2199,Karyawan_2199,Developer,160,29,10000000
2200,Karyawan_2200,Designer,198,32,7000000
2201,Karyawan_2201,Marketing,187,42,10000000
2202,Karyawan_2202,Admin,209,35,7000000
2203,Karyawan_2203,Developer,205,43,10000000
2204,Karyawan_2204,Admin,177,43,7000000
2205,Karyawan_2205,Marketing,172,21,8500000
2206,Karyawan_2206,Security,204,48,8500000
2207,Karyawan_2207,Marketing,164,45,8000000
2208,Karyawan_2208,Security,189,26,6000000
2209,Karyawan_2209,Developer,180,42,8000000
2210,Karyawan_2210,Admin,199,29,10000000
2211,Karyawan_2211,Admin,204,29,6000000
2212,Karyawan_2212,Security,177,24,8500000
2213,Karyawan_2213,Developer,176,49,8000000
2214,Karyawan_2214,Developer,150,49,8000000
2215,Karyawan_2215,Security,187,39,7000000
2216,Karyawan_2216,Security,155,24,8000000
2217,Karyawan_2217,Developer,162,27,8500000
2218,Karyawan_2218,Security,167,46,8500000
2219,Karyawan_2219,Security,185,49,7000000
2220,Karyawan_2220,Developer,196,39,8000000
2221,Karyawan_2221,Marketing,177,52,10000000
2222,Karyawan_2222,Designer,197,48,8500000
2223,Karyawan_2223,Security,150,46,8500000
2224,Karyawan_2224,Designer,189,54,8000000
2225,Karyawan_2225,Developer,166,30,7000000
2226,Karyawan_2226,Admin,175,32,8000000
2227,Karyawan_2227,Marketing,197,22,7000000
2228,Karyawan_2228,Security,186,44,10000000
2229,Karyawan_2229,Designer,203,45,8000000
2230,Karyawan_2230,Developer,153,54,7000000
2231,Karyawan_2231,Admin,175,44,7000000
2232,Karyawan_2232,Designer,178,22,10000000
2233,Karyawan_2233,Designer,153,32,8500000
2234,Karyawan_2234,Admin,186,26,10000000
2235,Karyawan_2235,Developer,195,49,8000000
2236,Karyawan_2236,Security,196,29,8000000
2237,Karyawan_2237,Admin,176,22,8000000
2238,Karyawan_2238,Security,202,50,8500000
2239,Karyawan_2239,Developer,153,23,6000000
2240,Karyawan_2240,Designer,190,51,10000000
2241,Karyawan_2241,Admin,175,36,8500000
2242,Karyawan_2242,Designer,169,53,6000000
2243,Karyawan_2243,Developer,195,28,8000000
2244,Karyawan_2244,Security,150,57,8000000
2245,Karyawan_2245,Admin,200,27,10000000
2246,Karyawan_2246,Developer,196,29,8500000
2247,Karyawan_2247,Designer,186,22,6000000
2248,Karyawan_2248,Admin,201,54,10000000
2249,Karyawan_2249,Marketing,164,36,10000000
2250,Karyawan_2250,Admin,168,48,6000000
2251,Karyawan_2251,Security,209,34,8500000
2252,Karyawan_2252,Security,200,30,8500000
2253,Karyawan_2253,Admin,184,50,7000000
2254,Karyawan_2254,Security,155,36,6000000
2255,Karyawan_2255,Designer,195,38,6000000
2256,Karyawan_2256,Marketing,184,43,10000000
2257,Karyawan_2257,Developer,197,52,8500000
2258,Karyawan_2258,Developer,153,48,6000000
2259,Karyawan_2259,Admin,168,43,7000000
2260,Karyawan_2260,Admin,180,21,6000000
2261,Karyawan_2261,Security,161,58,8500000
2262,Karyawan_2262,Security,175,37,8000000
2263,Karyawan_2263,Developer,189,49,8500000
2264,Karyawan_2264,Security,166,39,6000000
2265,Karyawan_2265,Developer,209,49,6000000
2266,Karyawan_2266,Designer,162,43,8500000
2267,Karyawan_2267,Marketing,174,49,7000000
2268,Karyawan_2268,Designer,171,32,10000000
2269,Karyawan_2269,Marketing,208,30,8000000
2270,Karyawan_2270,Marketing,168,50,10000000
2271,Karyawan_2271,Security,192,35,8000000
2272,Karyawan_2272,Designer,153,36,6000000
2273,Karyawan_2273,Admin,174,23,6000000
2274,Karyawan_2274,Developer,192,44,7000000
2275,Karyawan_2275,Admin,192,48,10000000
2276,Karyawan_2276,Security,170,29,6000000
2277,Karyawan_2277,Designer,198,41,8500000
2278,Karyawan_2278,Admin,164,53,8500000
2279,Karyawan_2279,Security,194,35,10000000
2280,Karyawan_2280,Admin,156,32,8500000
2281,Karyawan_2281,Developer,168,37,8000000
2282,Karyawan_2282,Developer,169,54,6000000
2283,Karyawan_2283,Designer,158,35,8000000
2284,Karyawan_2284,Security,173,58,6000000
2285,Karyawan_2285,Marketing,153,31,6000000
2286,Karyawan_2286,Developer,154,26,10000000
2287,Karyawan_2287,Admin,179,53,7000000
2288,Karyawan_2288,Designer,174,24,6000000
2289,Karyawan_2289,Security,192,46,8500000
2290,Karyawan_2290,Admin,151,45,8000000
2291,Karyawan_2291,Security,157,27,8000000
2292,Karyawan_2292,Designer,166,33,8000000
2293,Karyawan_2293,Designer,159,20,6000000
2294,Karyawan_2294,Developer,205,22,7000000
2295,Karyawan_2295,Developer,188,24,7000000
2296,Karyawan_2296,Marketing,150,38,7000000
2297,Karyawan_2297,Security,175,20,7000000
2298,Karyawan_2298,Designer,157,51,8500000
2299,Karyawan_2299,Security,207,45,6000000
2300,Karyawan_2300,Security,209,50,6000000
2301,Karyawan_2301,Marketing,179,27,7000000
2302,Karyawan_2302,Designer,175,41,10000000
2303,Karyawan_2303,Developer,202,46,6000000
2304,Karyawan_2304,Security,203,21,10000000
2305,Karyawan_2305,Marketing,158,31,7000000
2306,Karyawan_2306,Marketing,168,58,8000000
2307,Karyawan_2307,Marketing,208,46,6000000
2308,Karyawan_2308,Security,193,34,7000000
2309,Karyawan_2309,Admin,201,46,6000000
2310,Karyawan_2310,Marketing,158,55,8000000
2311,Karyawan_2311,Security,206,45,8000000
2312,Karyawan_2312,Admin,158,36,7000000
2313,Karyawan_2313,Security,198,59,6000000
2314,Karyawan_2314,Security,179,53,8500000
2315,Karyawan_2315,Marketing,201,20,10000000
2316,Karyawan_2316,Security,177,30,7000000
2317,Karyawan_2317,Security,185,41,7000000
2318,Karyawan_2318,Designer,155,36,10000000
2319,Karyawan_2319,Designer,157,57,8000000
2320,Karyawan_2320,Marketing,209,38,10000000
2321,Karyawan_2321,Marketing,182,21,10000000
2322,Karyawan_2322,Admin,173,59,10000000
2323,Karyawan_2323,Designer,151,34,10000000
2324,Karyawan_2324,Security,201,54,7000000
2325,Karyawan_2325,Security,152,42,8000000
2326,Karyawan_2326,Designer,187,40,7000000
2327,Karyawan_2327,Security,195,53,8000000
2328,Karyawan_2328,Security,158,31,10000000
2329,Karyawan_2329,Developer,194,31,6000000
2330,Karyawan_2330,Admin,193,24,10000000
2331,Karyawan_2331,Marketing,184,20,7000000
2332,Karyawan_2332,Security,194,32,10000000
2333,Karyawan_2333,Developer,158,41,6000000
2334,Karyawan_2334,Developer,169,32,8500000
2335,Karyawan_2335,Admin,167,38,10000000
2336,Karyawan_2336,Security,183,37,7000000
2337,Karyawan_2337,Designer,161,24,6000000
2338,Karyawan_2338,Designer,168,50,6000000
2339,Karyawan_2339,Developer,183,24,8500000
2340,Karyawan_2340,Designer,186,43,6000000
2341,Karyawan_2341,Marketing,208,41,8500000
2342,Karyawan_2342,Marketing,166,56,6000000
2343,Karyawan_2343,Designer,203,41,8000000
2344,Karyawan_2344,Security,157,37,6000000
2345,Karyawan_2345,Designer,157,22,7000000
2346,Karyawan_2346,Developer,206,56,10000000
2347,Karyawan_2347,Admin,209,36,6000000
2348,Karyawan_2348,Admin,205,21,8500000
2349,Karyawan_2349,Developer,156,33,8000000
2350,Karyawan_2350,Security,150,27,10000000
2351,Karyawan_2351,Designer,165,21,8500000
2352,Karyawan_2352,Marketing,174,58,10000000
2353,Karyawan_2353,Marketing,190,30,8500000
2354,Karyawan_2354,Marketing,183,53,6000000
2355,Karyawan_2355,Developer,163,27,7000000
2356,Karyawan_2356,Marketing,178,29,7000000
2357,Karyawan_2357,Security,177,49,8500000
2358,Karyawan_2358,Developer,191,43,7000000
2359,Karyawan_2359,Developer,192,58,8500000
2360,Karyawan_2360,Security,199,23,10000000
2361,Karyawan_2361,Designer,169,35,7000000
2362,Karyawan_2362,Marketing,161,38,6000000
2363,Karyawan_2363,Designer,161,34,10000000
2364,Karyawan_2364,Marketing,163,50,8000000
2365,Karyawan_2365,Security,185,54,6000000
2366,Karyawan_2366,Security,155,50,10000000
2367,Karyawan_2367,Marketing,207,29,8000000
2368,Karyawan_2368,Admin,192,56,10000000
2369,Karyawan_2369,Developer,179,49,10000000
2370,Karyawan_2370,Admin,208,39,8500000
2371,Karyawan_2371,Security,200,30,7000000
2372,Karyawan_2372,Admin,152,39,6000000
2373,Karyawan_2373,Developer,177,54,6000000
2374,Karyawan_2374,Designer,209,33,8000000
2375,Karyawan_2375,Admin,203,46,8000000
2376,Karyawan_2376,Admin,169,38,10000000
2377,Karyawan_2377,Developer,204,33,8000000
2378,Karyawan_2378,Designer,205,57,8500000
2379,Karyawan_2379,Marketing,158,58,8000000
2380,Karyawan_2380,Developer,189,39,8500000
2381,Karyawan_2381,Developer,205,35,6000000
2382,Karyawan_2382,Security,178,29,10000000
2383,Karyawan_2383,Designer,202,30,8000000
2384,Karyawan_2384,Marketing,162,35,8500000
2385,Karyawan_2385,Security,182,21,10000000
2386,Karyawan_2386,Developer,153,36,10000000
2387,Karyawan_2387,Designer,151,43,10000000
2388,Karyawan_2388,Admin,177,40,6000000
2389,Karyawan_2389,Developer,175,58,6000000
2390,Karyawan_2390,Designer,167,57,8000000
2391,Karyawan_2391,Designer,202,36,8000000
2392,Karyawan_2392,Security,150,20,6000000
2393,Karyawan_2393,Admin,168,23,7000000
2394,Karyawan_2394,Admin,156,46,10000000
2395,Karyawan_2395,Security,159,27,6000000
2396,Karyawan_2396,Developer,166,25,8500000
2397,Karyawan_2397,Developer,183,40,6000000
2398,Karyawan_2398,Designer,152,49,10000000
2399,Karyawan_2399,Marketing,195,40,8500000
2400,Karyawan_2400,Designer,171,23,8000000
2401,Karyawan_2401,Security,153,50,8500000
2402,Karyawan_2402,Developer,187,42,7000000
2403,Karyawan_2403,Security,153,56,8500000
2404,Karyawan_2404,Developer,194,39,7000000
2405,Karyawan_2405,Admin,183,22,8000000
2406,Karyawan_2406,Developer,204,42,8000000
2407,Karyawan_2407,Designer,207,58,10000000
2408,Karyawan_2408,Developer,201,36,7000000
2409,Karyawan_2409,Admin,166,50,6000000
2410,Karyawan_2410,Developer,176,56,8500000
2411,Karyawan_2411,Designer,193,57,8000000
2412,Karyawan_2412,Admin,182,32,8000000
2413,Karyawan_2413,Developer,179,32,8000000
2414,Karyawan_2414,Admin,181,33,6000000
2415,Karyawan_2415,Developer,188,33,8500000
2416,Karyawan_2416,Admin,176,33,8500000
2417,Karyawan_2417,Developer,179,50,6000000
2418,Karyawan_2418,Developer,175,45,8000000
2419,Karyawan_2419,Developer,154,36,10000000
2420,Karyawan_2420,Security,168,35,6000000
2421,Karyawan_2421,Marketing,192,53,10000000
2422,Karyawan_2422,Developer,160,30,8000000
2423,Karyawan_2423,Designer,157,58,8500000
2424,Karyawan_2424,Security,159,20,10000000
2425,Karyawan_2425,Admin,203,23,8000000
2426,Karyawan_2426,Admin,156,38,8500000
2427,Karyawan_2427,Security,154,53,7000000
2428,Karyawan_2428,Designer,155,54,7000000
2429,Karyawan_2429,Marketing,173,35,6000000
2430,Karyawan_2430,Marketing,181,26,6000000
2431,Karyawan_2431,Admin,156,42,10000000
2432,Karyawan_2432,Admin,195,46,7000000
2433,Karyawan_2433,Admin,168,54,8000000
2434,Karyawan_2434,Developer,208,55,10000000
2435,Karyawan_2435,Security,173,56,10000000
2436,Karyawan_2436,Marketing,177,46,6000000
2437,Karyawan_2437,Designer,191,56,8500000
2438,Karyawan_2438,Developer,175,56,8500000
2439,Karyawan_2439,Admin,150,40,8000000
2440,Karyawan_2440,Marketing,208,49,10000000
2441,Karyawan_2441,Admin,199,36,7000000
2442,Karyawan_2442,Marketing,182,25,10000000
2443,Karyawan_2443,Admin,155,46,8500000
2444,Karyawan_2444,Admin,186,49,8000000
2445,Karyawan_2445,Designer,165,31,7000000
2446,Karyawan_2446,Admin,208,35,8500000
2447,Karyawan_2447,Security,206,50,10000000
2448,Karyawan_2448,Marketing,159,29,7000000
2449,Karyawan_2449,Designer,153,45,7000000
2450,Karyawan_2450,Developer,174,45,8500000
2451,Karyawan_2451,Security,165,25,8000000
2452,Karyawan_2452,Security,157,37,8500000
2453,Karyawan_2453,Security,152,27,10000000
2454,Karyawan_2454,Security,150,38,6000000
2455,Karyawan_2455,Security,201,47,8500000
2456,Karyawan_2456,Designer,162,21,10000000
2457,Karyawan_2457,Designer,169,53,6000000
2458,Karyawan_2458,Developer,151,47,7000000
2459,Karyawan_2459,Developer,171,31,7000000
2460,Karyawan_2460,Security,169,30,8500000
2461,Karyawan_2461,Marketing,164,22,8500000
2462,Karyawan_2462,Admin,197,30,8500000
2463,Karyawan_2463,Security,171,55,7000000
2464,Karyawan_2464,Admin,189,28,8000000
2465,Karyawan_2465,Designer,172,29,7000000
2466,Karyawan_2466,Admin,202,20,7000000
2467,Karyawan_2467,Admin,176,43,8000000
2468,Karyawan_2468,Developer,193,52,10000000
2469,Karyawan_2469,Security,187,38,10000000
2470,Karyawan_2470,Security,160,42,10000000
2471,Karyawan_2471,Marketing,156,34,8500000
2472,Karyawan_2472,Admin,205,31,10000000
2473,Karyawan_2473,Security,162,45,8000000
2474,Karyawan_2474,Admin,176,34,8500000
2475,Karyawan_2475,Marketing,188,23,7000000
2476,Karyawan_2476,Security,194,32,10000000
2477,Karyawan_2477,Designer,192,39,10000000
2478,Karyawan_2478,Developer,187,29,6000000
2479,Karyawan_2479,Security,177,37,8500000
2480,Karyawan_2480,Developer,156,49,6000000
2481,Karyawan_2481,Designer,175,33,8500000
2482,Karyawan_2482,Marketing,194,52,10000000
2483,Karyawan_2483,Security,178,46,8500000
2484,Karyawan_2484,Security,199,34,8000000
2485,Karyawan_2485,Marketing,186,27,8000000
2486,Karyawan_2486,Developer,188,50,8000000
2487,Karyawan_2487,Designer,154,35,6000000
2488,Karyawan_2488,Developer,192,51,7000000
2489,Karyawan_2489,Security,207,49,6000000
2490,Karyawan_2490,Designer,169,26,6000000
2491,Karyawan_2491,Designer,179,25,6000000
2492,Karyawan_2492,Security,153,32,7000000
2493,Karyawan_2493,Marketing,175,28,10000000
2494,Karyawan_2494,Marketing,159,54,6000000
2495,Karyawan_2495,Admin,166,55,8000000
2496,Karyawan_2496,Developer,205,59,10000000
2497,Karyawan_2497,Admin,150,53,10000000
2498,Karyawan_2498,Marketing,156,25,7000000
2499,Karyawan_2499,Admin,155,47,6000000
2500,Karyawan_2500,Admin,179,43,8500000
2501,Karyawan_2501,Security,173,43,8500000
2502,Karyawan_2502,Security,168,36,8000000
2503,Karyawan_2503,Developer,194,31,10000000
2504,Karyawan_2504,Admin,202,56,8000000
2505,Karyawan_2505,Admin,168,27,8500000
2506,Karyawan_2506,Admin,150,50,6000000
2507,Karyawan_2507,Security,159,36,6000000
2508,Karyawan_2508,Admin,194,57,6000000
2509,Karyawan_2509,Designer,186,32,7000000
2510,Karyawan_2510,Developer,167,33,10000000
2511,Karyawan_2511,Security,182,30,8000000
2512,Karyawan_2512,Developer,186,33,8500000
2513,Karyawan_2513,Marketing,172,39,6000000
2514,Karyawan_2514,Security,184,27,8500000
2515,Karyawan_2515,Marketing,180,48,10000000
2516,Karyawan_2516,Admin,191,48,6000000
2517,Karyawan_2517,Admin,173,39,6000000
2518,Karyawan_2518,Designer,165,56,10000000
2519,Karyawan_2519,Developer,167,37,8000000
2520,Karyawan_2520,Admin,152,37,10000000
2521,Karyawan_2521,Designer,163,31,6000000
2522,Karyawan_2522,Developer,159,22,6000000
2523,Karyawan_2523,Designer,184,52,7000000
2524,Karyawan_2524,Developer,189,44,7000000
2525,Karyawan_2525,Admin,173,47,6000000
2526,Karyawan_2526,Security,193,57,10000000
2527,Karyawan_2527,Marketing,178,49,10000000
2528,Karyawan_2528,Developer,196,22,7000000
2529,Karyawan_2529,Security,202,51,6000000
2530,Karyawan_2530,Designer,180,40,10000000
2531,Karyawan_2531,Admin,158,41,8000000
2532,Karyawan_2532,Security,166,43,8500000
2533,Karyawan_2533,Marketing,177,42,8500000
2534,Karyawan_2534,Security,173,56,7000000
2535,Karyawan_2535,Security,197,52,8500000
2536,Karyawan_2536,Marketing,175,45,8000000
2537,Karyawan_2537,Security,180,50,7000000
2538,Karyawan_2538,Security,156,44,8500000
2539,Karyawan_2539,Marketing,201,39,7000000
2540,Karyawan_2540,Admin,162,20,6000000
2541,Karyawan_2541,Admin,176,31,10000000
2542,Karyawan_2542,Marketing,159,53,6000000
2543,Karyawan_2543,Marketing,200,55,7000000
2544,Karyawan_2544,Security,178,51,8500000
2545,Karyawan_2545,Admin,180,28,7000000
2546,Karyawan_2546,Security,170,30,8500000
2547,Karyawan_2547,Designer,154,54,6000000
2548,Karyawan_2548,Security,164,57,10000000
2549,Karyawan_2549,Admin,169,21,7000000
2550,Karyawan_2550,Developer,183,41,7000000
2551,Karyawan_2551,Security,202,22,10000000
2552,Karyawan_2552,Security,159,29,8500000
2553,Karyawan_2553,Developer,201,54,7000000
2554,Karyawan_2554,Marketing,183,46,7000000
2555,Karyawan_2555,Admin,192,50,8000000
2556,Karyawan_2556,Security,168,55,8500000
2557,Karyawan_2557,Admin,197,28,8500000
2558,Karyawan_2558,Security,155,37,7000000
2559,Karyawan_2559,Marketing,153,26,7000000
2560,Karyawan_2560,Marketing,195,44,8500000
2561,Karyawan_2561,Designer,178,27,8000000
2562,Karyawan_2562,Security,182,49,8500000
2563,Karyawan_2563,Developer,206,58,7000000
2564,Karyawan_2564,Marketing,193,41,10000000
2565,Karyawan_2565,Developer,158,33,10000000
2566,Karyawan_2566,Admin,152,53,8500000
2567,Karyawan_2567,Admin,184,50,10000000
2568,Karyawan_2568,Admin,168,59,10000000
2569,Karyawan_2569,Security,181,41,8000000
2570,Karyawan_2570,Designer,164,23,10000000
2571,Karyawan_2571,Marketing,194,34,8500000
2572,Karyawan_2572,Admin,189,58,8500000
2573,Karyawan_2573,Admin,180,51,8000000
2574,Karyawan_2574,Admin,194,25,7000000
2575,Karyawan_2575,Developer,171,22,6000000
2576,Karyawan_2576,Marketing,182,32,6000000
2577,Karyawan_2577,Security,183,54,7000000
2578,Karyawan_2578,Developer,169,25,8500000
2579,Karyawan_2579,Designer,185,20,8000000
2580,Karyawan_2580,Security,180,39,8500000
2581,Karyawan_2581,Admin,164,23,8000000
2582,Karyawan_2582,Security,163,48,10000000
2583,Karyawan_2583,Marketing,205,29,6000000
2584,Karyawan_2584,Designer,191,49,6000000
2585,Karyawan_2585,Admin,201,23,8500000
2586,Karyawan_2586,Designer,207,47,6000000
2587,Karyawan_2587,Admin,161,31,8000000
2588,Karyawan_2588,Marketing,174,39,6000000
2589,Karyawan_2589,Developer,188,25,10000000
2590,Karyawan_2590,Designer,185,55,6000000
2591,Karyawan_2591,Designer,192,27,6000000
2592,Karyawan_2592,Developer,180,32,6000000
2593,Karyawan_2593,Security,183,32,7000000
2594,Karyawan_2594,Marketing,192,58,7000000
2595,Karyawan_2595,Developer,185,54,6000000
2596,Karyawan_2596,Admin,186,27,8000000
2597,Karyawan_2597,Security,150,25,8000000
2598,Karyawan_2598,Security,164,43,6000000
2599,Karyawan_2599,Developer,174,24,10000000
2600,Karyawan_2600,Security,157,59,10000000
2601,Karyawan_2601,Admin,170,46,8000000
2602,Karyawan_2602,Marketing,190,47,8000000
2603,Karyawan_2603,Developer,191,28,10000000
2604,Karyawan_2604,Developer,182,42,8000000
2605,Karyawan_2605,Marketing,189,30,8000000
2606,Karyawan_2606,Marketing,170,50,8000000
2607,Karyawan_2607,Developer,179,35,7000000
2608,Karyawan_2608,Developer,202,25,8500000
2609,Karyawan_2609,Admin,198,39,7000000
2610,Karyawan_2610,Admin,177,34,8500000
2611,Karyawan_2611,Developer,187,35,7000000
2612,Karyawan_2612,Marketing,205,58,8000000
2613,Karyawan_2613,Marketing,178,20,8500000
2614,Karyawan_2614,Security,196,43,10000000
2615,Karyawan_2615,Marketing,183,33,8500000
2616,Karyawan_2616,Designer,182,40,8500000
2617,Karyawan_2617,Admin,168,24,8000000
2618,Karyawan_2618,Marketing,197,35,10000000
2619,Karyawan_2619,Developer,189,46,10000000
2620,Karyawan_2620,Security,188,49,10000000
2621,Karyawan_2621,Security,193,27,8500000
2622,Karyawan_2622,Admin,191,28,10000000
2623,Karyawan_2623,Security,197,24,10000000
2624,Karyawan_2624,Security,182,25,8000000
2625,Karyawan_2625,Security,173,20,8000000
2626,Karyawan_2626,Security,202,38,7000000
2627,Karyawan_2627,Marketing,165,34,7000000
2628,Karyawan_2628,Admin,209,22,10000000
2629,Karyawan_2629,Security,182,31,8500000
2630,Karyawan_2630,Developer,176,44,7000000
2631,Karyawan_2631,Designer,165,22,6000000
2632,Karyawan_2632,Security,157,35,8500000
2633,Karyawan_2633,Marketing,169,48,6000000
2634,Karyawan_2634,Security,186,44,10000000
2635,Karyawan_2635,Security,154,54,8500000
2636,Karyawan_2636,Developer,160,31,8500000
2637,Karyawan_2637,Security,188,52,7000000
2638,Karyawan_2638,Developer,182,54,6000000
2639,Karyawan_2639,Designer,201,20,8000000
2640,Karyawan_2640,Admin,162,59,10000000
2641,Karyawan_2641,Developer,185,47,7000000
2642,Karyawan_2642,Admin,170,48,7000000
2643,Karyawan_2643,Designer,152,30,10000000
2644,Karyawan_2644,Marketing,209,23,8500000
2645,Karyawan_2645,Designer,185,51,10000000
2646,Karyawan_2646,Admin,158,41,10000000
2647,Karyawan_2647,Security,182,58,8500000
2648,Karyawan_2648,Security,176,50,10000000
2649,Karyawan_2649,Designer,155,41,8500000
2650,Karyawan_2650,Security,194,46,8000000
2651,Karyawan_2651,Marketing,167,26,7000000
2652,Karyawan_2652,Admin,162,51,6000000
2653,Karyawan_2653,Admin,204,36,8500000
2654,Karyawan_2654,Marketing,173,41,8000000
2655,Karyawan_2655,Developer,200,45,8500000
2656,Karyawan_2656,Security,161,48,10000000
2657,Karyawan_2657,Developer,151,42,10000000
2658,Karyawan_2658,Developer,160,40,8500000
2659,Karyawan_2659,Security,174,28,7000000
2660,Karyawan_2660,Marketing,154,31,8000000
2661,Karyawan_2661,Developer,207,48,10000000
2662,Karyawan_2662,Designer,167,42,8000000
2663,Karyawan_2663,Admin,157,59,10000000
2664,Karyawan_2664,Admin,164,53,8500000
2665,Karyawan_2665,Developer,162,22,8000000
2666,Karyawan_2666,Designer,184,40,8000000
2667,Karyawan_2667,Security,183,56,6000000
2668,Karyawan_2668,Designer,170,22,8500000
2669,Karyawan_2669,Marketing,202,31,7000000
2670,Karyawan_2670,Marketing,154,37,6000000
2671,Karyawan_2671,Marketing,187,24,8000000
2672,Karyawan_2672,Admin,188,43,8500000
2673,Karyawan_2673,Designer,205,34,10000000
2674,Karyawan_2674,Marketing,163,56,8000000
2675,Karyawan_2675,Designer,162,33,7000000
2676,Karyawan_2676,Admin,184,43,7000000
2677,Karyawan_2677,Security,204,49,8000000
2678,Karyawan_2678,Marketing,181,28,7000000
2679,Karyawan_2679,Security,153,30,6000000
2680,Karyawan_2680,Marketing,191,42,8500000
2681,Karyawan_2681,Designer,187,52,8500000
2682,Karyawan_2682,Developer,176,54,8500000
2683,Karyawan_2683,Security,173,54,6000000
2684,Karyawan_2684,Designer,174,49,8500000
2685,Karyawan_2685,Security,168,45,8000000
2686,Karyawan_2686,Admin,192,53,8500000
2687,Karyawan_2687,Admin,167,31,6000000
2688,Karyawan_2688,Developer,160,29,7000000
2689,Karyawan_2689,Developer,191,45,10000000
2690,Karyawan_2690,Developer,175,47,8000000
2691,Karyawan_2691,Security,151,34,8500000
2692,Karyawan_2692,Admin,209,24,8000000
2693,Karyawan_2693,Developer,206,33,6000000
2694,Karyawan_2694,Developer,174,45,8000000
2695,Karyawan_2695,Security,158,26,8000000
2696,Karyawan_2696,Admin,167,24,8500000
2697,Karyawan_2697,Designer,206,51,8000000
2698,Karyawan_2698,Designer,157,30,8000000
2699,Karyawan_2699,Marketing,159,21,8000000
2700,Karyawan_2700,Designer,203,23,8000000
2701,Karyawan_2701,Marketing,174,37,8000000
2702,Karyawan_2702,Designer,204,35,10000000
2703,Karyawan_2703,Marketing,153,45,10000000
2704,Karyawan_2704,Admin,158,48,8000000
2705,Karyawan_2705,Security,153,30,7000000
2706,Karyawan_2706,Designer,192,36,8500000
2707,Karyawan_2707,Developer,175,42,10000000
2708,Karyawan_2708,Designer,152,49,8000000
2709,Karyawan_2709,Developer,171,56,8500000
2710,Karyawan_2710,Security,197,55,6000000
2711,Karyawan_2711,Developer,157,47,6000000
2712,Karyawan_2712,Marketing,166,52,10000000
2713,Karyawan_2713,Designer,180,41,7000000
2714,Karyawan_2714,Marketing,171,49,8000000
2715,Karyawan_2715,Developer,199,28,8500000
2716,Karyawan_2716,Developer,206,44,10000000
2717,Karyawan_2717,Admin,152,36,8500000
2718,Karyawan_2718,Designer,164,27,6000000
2719,Karyawan_2719,Security,155,31,6000000
2720,Karyawan_2720,Admin,152,33,8500000
2721,Karyawan_2721,Designer,175,57,6000000
2722,Karyawan_2722,Developer,164,29,8000000
2723,Karyawan_2723,Designer,193,53,10000000
2724,Karyawan_2724,Marketing,187,45,10000000
2725,Karyawan_2725,Marketing,173,24,6000000
2726,Karyawan_2726,Designer,205,43,7000000
2727,Karyawan_2727,Designer,169,43,7000000
2728,Karyawan_2728,Admin,161,34,10000000
2729,Karyawan_2729,Developer,167,48,6000000
2730,Karyawan_2730,Marketing,166,57,8000000
2731,Karyawan_2731,Security,164,56,10000000
2732,Karyawan_2732,Designer,208,37,8000000
2733,Karyawan_2733,Developer,177,56,10000000
2734,Karyawan_2734,Admin,209,23,7000000
2735,Karyawan_2735,Marketing,173,24,8500000
2736,Karyawan_2736,Developer,208,45,10000000
2737,Karyawan_2737,Developer,174,36,6000000
2738,Karyawan_2738,Security,169,36,7000000
2739,Karyawan_2739,Designer,176,52,6000000
2740,Karyawan_2740,Security,160,24,7000000
2741,Karyawan_2741,Admin,201,58,6000000
2742,Karyawan_2742,Designer,182,22,8000000
2743,Karyawan_2743,Security,205,32,10000000
2744,Karyawan_2744,Security,185,48,6000000
2745,Karyawan_2745,Designer,153,27,8000000
2746,Karyawan_2746,Developer,157,51,10000000
2747,Karyawan_2747,Designer,195,23,8000000
2748,Karyawan_2748,Developer,200,42,7000000
2749,Karyawan_2749,Designer,158,38,10000000
2750,Karyawan_2750,Marketing,172,31,8500000
2751,Karyawan_2751,Security,182,44,10000000
2752,Karyawan_2752,Designer,184,37,7000000
2753,Karyawan_2753,Security,189,24,8500000
2754,Karyawan_2754,Developer,195,23,7000000
2755,Karyawan_2755,Designer,179,23,10000000
2756,Karyawan_2756,Marketing,209,40,6000000
2757,Karyawan_2757,Designer,152,50,8500000
2758,Karyawan_2758,Security,192,49,7000000
2759,Karyawan_2759,Developer,172,39,7000000
2760,Karyawan_2760,Designer,200,33,6000000
2761,Karyawan_2761,Admin,198,52,8500000
2762,Karyawan_2762,Security,182,38,8000000
2763,Karyawan_2763,Security,155,48,8500000
2764,Karyawan_2764,Marketing,164,27,8000000
2765,Karyawan_2765,Security,180,33,8500000
2766,Karyawan_2766,Marketing,164,58,8000000
2767,Karyawan_2767,Designer,150,59,7000000
2768,Karyawan_2768,Developer,194,49,10000000
2769,Karyawan_2769,Developer,192,53,8500000
2770,Karyawan_2770,Developer,156,42,10000000
2771,Karyawan_2771,Marketing,198,29,10000000
2772,Karyawan_2772,Admin,151,22,8000000
2773,Karyawan_2773,Security,191,51,6000000
2774,Karyawan_2774,Developer,182,43,10000000
2775,Karyawan_2775,Marketing,165,38,8500000
2776,Karyawan_2776,Security,171,24,10000000
2777,Karyawan_2777,Designer,180,43,7000000
2778,Karyawan_2778,Security,172,43,10000000
2779,Karyawan_2779,Designer,180,49,10000000
2780,Karyawan_2780,Marketing,208,54,8000000
2781,Karyawan_2781,Marketing,200,52,8500000
2782,Karyawan_2782,Marketing,204,39,7000000
2783,Karyawan_2783,Developer,201,27,10000000
2784,Karyawan_2784,Developer,205,30,8000000
2785,Karyawan_2785,Designer,207,40,7000000
2786,Karyawan_2786,Marketing,192,51,8000000
2787,Karyawan_2787,Admin,199,38,8000000
2788,Karyawan_2788,Designer,187,32,8000000
2789,Karyawan_2789,Developer,184,36,8000000
2790,Karyawan_2790,Security,166,27,8000000
2791,Karyawan_2791,Security,200,31,8500000
2792,Karyawan_2792,Marketing,207,33,7000000
2793,Karyawan_2793,Admin,203,29,7000000
2794,Karyawan_2794,Admin,187,42,7000000
2795,Karyawan_2795,Admin,203,23,7000000
2796,Karyawan_2796,Marketing,169,28,6000000
2797,Karyawan_2797,Marketing,192,59,8500000
2798,Karyawan_2798,Developer,153,22,10000000
2799,Karyawan_2799,Marketing,172,27,8000000
2800,Karyawan_2800,Designer,178,59,8500000
2801,Karyawan_2801,Designer,187,51,10000000
2802,Karyawan_2802,Designer,204,35,8000000
2803,Karyawan_2803,Marketing,176,27,6000000
2804,Karyawan_2804,Admin,178,21,10000000
2805,Karyawan_2805,Developer,166,55,7000000
2806,Karyawan_2806,Marketing,192,22,8500000
2807,Karyawan_2807,Designer,181,51,6000000
2808,Karyawan_2808,Marketing,151,35,8000000
2809,Karyawan_2809,Designer,157,26,8000000
2810,Karyawan_2810,Security,165,30,6000000
2811,Karyawan_2811,Admin,171,50,8500000
2812,Karyawan_2812,Security,208,28,7000000
2813,Karyawan_2813,Designer,186,56,10000000
2814,Karyawan_2814,Security,206,50,6000000
2815,Karyawan_2815,Admin,208,51,8000000
2816,Karyawan_2816,Security,187,28,7000000
2817,Karyawan_2817,Admin,177,42,8000000
2818,Karyawan_2818,Security,170,56,10000000
2819,Karyawan_2819,Admin,198,52,8000000
2820,Karyawan_2820,Developer,183,59,10000000
2821,Karyawan_2821,Admin,183,47,8500000
2822,Karyawan_2822,Marketing,196,58,10000000
2823,Karyawan_2823,Marketing,185,59,8500000
2824,Karyawan_2824,Developer,206,23,8000000
2825,Karyawan_2825,Designer,166,52,8500000
2826,Karyawan_2826,Designer,192,40,7000000
2827,Karyawan_2827,Admin,159,58,8000000
2828,Karyawan_2828,Marketing,167,43,8500000
2829,Karyawan_2829,Designer,153,46,6000000
2830,Karyawan_2830,Security,191,56,8500000
2831,Karyawan_2831,Marketing,157,47,8000000
2832,Karyawan_2832,Security,188,32,6000000
2833,Karyawan_2833,Admin,160,34,8500000
2834,Karyawan_2834,Security,169,37,7000000
2835,Karyawan_2835,Security,166,31,8000000
2836,Karyawan_2836,Security,182,59,8000000
2837,Karyawan_2837,Designer,178,50,8500000
2838,Karyawan_2838,Marketing,177,59,10000000
2839,Karyawan_2839,Designer,196,22,10000000
2840,Karyawan_2840,Developer,165,39,7000000
2841,Karyawan_2841,Security,198,26,8000000
2842,Karyawan_2842,Security,168,39,8500000
2843,Karyawan_2843,Marketing,150,35,8500000
2844,Karyawan_2844,Marketing,197,25,8000000
2845,Karyawan_2845,Designer,174,24,6000000
2846,Karyawan_2846,Security,156,58,10000000
2847,Karyawan_2847,Designer,202,20,6000000
2848,Karyawan_2848,Developer,204,20,8500000
2849,Karyawan_2849,Security,168,32,8000000
2850,Karyawan_2850,Developer,189,58,6000000
2851,Karyawan_2851,Designer,174,33,10000000
2852,Karyawan_2852,Security,157,29,7000000
2853,Karyawan_2853,Marketing,177,29,8000000
2854,Karyawan_2854,Marketing,195,56,7000000
2855,Karyawan_2855,Security,194,22,8500000
2856,Karyawan_2856,Developer,191,50,8500000
2857,Karyawan_2857,Developer,199,27,6000000
2858,Karyawan_2858,Admin,192,36,6000000
2859,Karyawan_2859,Designer,167,31,8500000
2860,Karyawan_2860,Security,197,48,6000000
2861,Karyawan_2861,Designer,193,47,8000000
2862,Karyawan_2862,Developer,155,52,8500000
2863,Karyawan_2863,Developer,186,35,8000000
2864,Karyawan_2864,Developer,169,54,8000000
2865,Karyawan_2865,Security,196,54,8500000
2866,Karyawan_2866,Marketing,171,29,10000000
2867,Karyawan_2867,Admin,155,39,6000000
2868,Karyawan_2868,Developer,154,37,6000000
2869,Karyawan_2869,Security,189,29,6000000
2870,Karyawan_2870,Developer,172,23,10000000
2871,Karyawan_2871,Security,202,41,7000000
2872,Karyawan_2872,Security,180,30,8000000
2873,Karyawan_2873,Developer,186,41,6000000
2874,Karyawan_2874,Admin,195,54,6000000
2875,Karyawan_2875,Admin,174,39,6000000
2876,Karyawan_2876,Designer,161,51,7000000
2877,Karyawan_2877,Developer,154,59,6000000
2878,Karyawan_2878,Security,155,43,10000000
2879,Karyawan_2879,Security,151,29,7000000
2880,Karyawan_2880,Designer,170,48,8000000
2881,Karyawan_2881,Developer,203,34,8500000
2882,Karyawan_2882,Marketing,205,48,8000000
2883,Karyawan_2883,Developer,178,58,10000000
2884,Karyawan_2884,Developer,167,51,8000000
2885,Karyawan_2885,Admin,182,58,10000000
2886,Karyawan_2886,Designer,201,39,6000000
2887,Karyawan_2887,Admin,166,47,7000000
2888,Karyawan_2888,Developer,186,53,8500000
2889,Karyawan_2889,Security,187,44,10000000
2890,Karyawan_2890,Developer,173,49,10000000
2891,Karyawan_2891,Security,162,55,10000000
2892,Karyawan_2892,Admin,198,21,8000000
2893,Karyawan_2893,Marketing,207,50,7000000
2894,Karyawan_2894,Developer,175,47,8000000
2895,Karyawan_2895,Developer,174,50,8500000
2896,Karyawan_2896,Admin,170,29,10000000
2897,Karyawan_2897,Admin,162,47,6000000
2898,Karyawan_2898,Admin,198,24,8000000
2899,Karyawan_2899,Designer,189,46,8000000
2900,Karyawan_2900,Developer,178,40,8000000
2901,Karyawan_2901,Security,163,45,10000000
2902,Karyawan_2902,Marketing,162,56,7000000
2903,Karyawan_2903,Admin,157,43,10000000
2904,Karyawan_2904,Marketing,206,57,6000000
2905,Karyawan_2905,Security,209,42,8000000
2906,Karyawan_2906,Developer,171,57,10000000
2907,Karyawan_2907,Security,159,43,8500000
2908,Karyawan_2908,Developer,158,33,6000000
2909,Karyawan_2909,Designer,200,55,8500000
2910,Karyawan_2910,Admin,182,38,8500000
2911,Karyawan_2911,Marketing,193,42,8000000
2912,Karyawan_2912,Marketing,157,44,10000000
2913,Karyawan_2913,Designer,190,57,7000000
2914,Karyawan_2914,Designer,157,52,8500000
2915,Karyawan_2915,Marketing,154,30,8500000
2916,Karyawan_2916,Marketing,173,31,7000000
2917,Karyawan_2917,Designer,155,31,10000000
2918,Karyawan_2918,Security,164,38,8000000
2919,Karyawan_2919,Developer,200,33,8500000
2920,Karyawan_2920,Security,156,34,6000000
2921,Karyawan_2921,Designer,155,38,10000000
2922,Karyawan_2922,Marketing,174,43,6000000
2923,Karyawan_2923,Designer,171,27,8000000
2924,Karyawan_2924,Developer,194,41,8500000
2925,Karyawan_2925,Developer,151,30,8500000
2926,Karyawan_2926,Marketing,203,48,6000000
2927,Karyawan_2927,Marketing,206,36,10000000
2928,Karyawan_2928,Developer,191,36,10000000
2929,Karyawan_2929,Developer,206,32,7000000
2930,Karyawan_2930,Security,203,59,8500000
2931,Karyawan_2931,Admin,192,41,6000000
2932,Karyawan_2932,Marketing,173,27,8000000
2933,Karyawan_2933,Admin,153,35,6000000
2934,Karyawan_2934,Marketing,178,39,8000000
2935,Karyawan_2935,Security,180,28,10000000
2936,Karyawan_2936,Admin,192,49,8500000
2937,Karyawan_2937,Marketing,183,50,8000000
2938,Karyawan_2938,Security,173,35,8000000
2939,Karyawan_2939,Designer,155,41,8000000
2940,Karyawan_2940,Marketing,185,52,8000000
2941,Karyawan_2941,Developer,177,25,10000000
2942,Karyawan_2942,Developer,150,49,7000000
2943,Karyawan_2943,Developer,154,58,6000000
2944,Karyawan_2944,Designer,176,30,7000000
2945,Karyawan_2945,Marketing,193,43,10000000
2946,Karyawan_2946,Admin,192,43,10000000
2947,Karyawan_2947,Designer,208,22,8000000
2948,Karyawan_2948,Marketing,187,21,7000000
2949,Karyawan_2949,Admin,173,37,6000000
2950,Karyawan_2950,Developer,166,27,6000000
2951,Karyawan_2951,Designer,202,44,8000000
2952,Karyawan_2952,Security,161,36,8500000
2953,Karyawan_2953,Security,178,26,10000000
2954,Karyawan_2954,Designer,195,44,10000000
2955,Karyawan_2955,Admin,186,37,8000000
2956,Karyawan_2956,Marketing,173,48,6000000
2957,Karyawan_2957,Admin,207,47,7000000
2958,Karyawan_2958,Security,176,57,8500000
2959,Karyawan_2959,Developer,201,44,10000000
2960,Karyawan_2960,Developer,151,47,7000000
2961,Karyawan_2961,Developer,183,21,6000000
2962,Karyawan_2962,Marketing,153,25,8000000
2963,Karyawan_2963,Admin,186,53,6000000
2964,Karyawan_2964,Designer,194,52,8500000
2965,Karyawan_2965,Marketing,199,39,7000000
2966,Karyawan_2966,Admin,194,55,8500000
2967,Karyawan_2967,Developer,200,22,10000000
2968,Karyawan_2968,Marketing,194,22,7000000
2969,Karyawan_2969,Developer,199,34,8500000
2970,Karyawan_2970,Designer,172,36,10000000
2971,Karyawan_2971,Security,171,45,10000000
2972,Karyawan_2972,Admin,185,35,10000000
2973,Karyawan_2973,Marketing,185,40,8500000
2974,Karyawan_2974,Developer,191,58,10000000
2975,Karyawan_2975,Security,204,35,7000000
2976,Karyawan_2976,Designer,196,39,10000000
2977,Karyawan_2977,Designer,202,52,10000000
2978,Karyawan_2978,Marketing,162,51,8500000
2979,Karyawan_2979,Admin,183,26,6000000
2980,Karyawan_2980,Marketing,181,20,10000000
2981,Karyawan_2981,Security,162,49,8500000
2982,Karyawan_2982,Security,158,39,6000000
2983,Karyawan_2983,Admin,170,35,10000000
2984,Karyawan_2984,Marketing,183,36,8500000
2985,Karyawan_2985,Developer,164,42,8500000
2986,Karyawan_2986,Security,204,22,10000000
2987,Karyawan_2987,Developer,186,40,6000000
2988,Karyawan_2988,Designer,209,42,8000000
2989,Karyawan_2989,Designer,196,21,7000000
2990,Karyawan_2990,Security,180,56,8000000
2991,Karyawan_2991,Marketing,170,22,7000000
2992,Karyawan_2992,Admin,200,29,7000000
2993,Karyawan_2993,Security,179,31,6000000
2994,Karyawan_2994,Designer,175,35,10000000
2995,Karyawan_2995,Admin,169,46,10000000
2996,Karyawan_2996,Marketing,161,25,10000000
2997,Karyawan_2997,Security,198,54,7000000
2998,Karyawan_2998,Marketing,155,21,7000000
2999,Karyawan_2999,Designer,167,43,7000000
3000,Karyawan_3000,Developer,209,21,10000000
3001,Karyawan_3001,Admin,157,44,7000000
3002,Karyawan_3002,Developer,153,25,7000000
3003,Karyawan_3003,Designer,159,25,6000000
3004,Karyawan_3004,Admin,155,55,7000000
3005,Karyawan_3005,Admin,181,44,7000000
3006,Karyawan_3006,Admin,176,28,8500000
3007,Karyawan_3007,Security,163,39,6000000
3008,Karyawan_3008,Designer,165,41,8000000
3009,Karyawan_3009,Marketing,173,27,7000000
3010,Karyawan_3010,Developer,207,28,10000000
3011,Karyawan_3011,Admin,203,29,10000000
3012,Karyawan_3012,Designer,170,42,10000000
3013,Karyawan_3013,Admin,152,30,8500000
3014,Karyawan_3014,Developer,184,38,8500000
3015,Karyawan_3015,Designer,176,45,8000000
3016,Karyawan_3016,Security,170,27,7000000
3017,Karyawan_3017,Marketing,172,58,10000000
3018,Karyawan_3018,Developer,162,22,10000000
3019,Karyawan_3019,Marketing,196,57,10000000
3020,Karyawan_3020,Developer,160,31,8500000
3021,Karyawan_3021,Security,189,24,10000000
3022,Karyawan_3022,Developer,152,39,8500000
3023,Karyawan_3023,Admin,206,32,6000000
3024,Karyawan_3024,Designer,183,43,8500000
3025,Karyawan_3025,Security,161,47,8000000
3026,Karyawan_3026,Marketing,162,20,6000000
3027,Karyawan_3027,Designer,155,56,10000000
3028,Karyawan_3028,Admin,187,41,8000000
3029,Karyawan_3029,Designer,169,57,10000000
3030,Karyawan_3030,Developer,206,29,6000000
3031,Karyawan_3031,Security,177,51,7000000
3032,Karyawan_3032,Marketing,158,47,6000000
3033,Karyawan_3033,Developer,198,39,6000000
3034,Karyawan_3034,Security,179,34,6000000
3035,Karyawan_3035,Marketing,161,43,7000000
3036,Karyawan_3036,Marketing,185,50,10000000
3037,Karyawan_3037,Designer,164,31,8000000
3038,Karyawan_3038,Admin,161,44,10000000
3039,Karyawan_3039,Developer,164,41,6000000
3040,Karyawan_3040,Marketing,184,40,6000000
3041,Karyawan_3041,Developer,160,34,7000000
3042,Karyawan_3042,Designer,171,44,8000000
3043,Karyawan_3043,Designer,204,29,8500000
3044,Karyawan_3044,Designer,169,37,6000000
3045,Karyawan_3045,Security,196,32,6000000
3046,Karyawan_3046,Developer,208,28,8500000
3047,Karyawan_3047,Developer,203,30,8000000
3048,Karyawan_3048,Designer,201,29,8000000
3049,Karyawan_3049,Developer,195,56,8000000
3050,Karyawan_3050,Developer,196,31,8500000
3051,Karyawan_3051,Marketing,162,32,6000000
3052,Karyawan_3052,Security,190,27,8500000
3053,Karyawan_3053,Security,186,31,8000000
3054,Karyawan_3054,Admin,197,38,8500000
3055,Karyawan_3055,Developer,170,42,10000000
3056,Karyawan_3056,Admin,208,55,8000000
3057,Karyawan_3057,Developer,186,41,7000000
3058,Karyawan_3058,Security,195,50,7000000
3059,Karyawan_3059,Marketing,159,36,8000000
3060,Karyawan_3060,Designer,166,34,10000000
3061,Karyawan_3061,Marketing,189,43,6000000
3062,Karyawan_3062,Marketing,199,40,7000000
3063,Karyawan_3063,Marketing,161,43,7000000
3064,Karyawan_3064,Designer,156,58,8500000
3065,Karyawan_3065,Security,179,54,8500000
3066,Karyawan_3066,Admin,190,51,7000000
3067,Karyawan_3067,Marketing,155,52,7000000
3068,Karyawan_3068,Developer,206,43,8500000
3069,Karyawan_3069,Marketing,173,22,6000000
3070,Karyawan_3070,Security,150,45,6000000
3071,Karyawan_3071,Admin,159,54,7000000
3072,Karyawan_3072,Security,194,48,8500000
3073,Karyawan_3073,Security,193,33,8000000
3074,Karyawan_3074,Security,159,22,6000000
3075,Karyawan_3075,Marketing,169,33,8000000
3076,Karyawan_3076,Marketing,206,54,7000000
3077,Karyawan_3077,Designer,206,55,8000000
3078,Karyawan_3078,Admin,194,37,6000000
3079,Karyawan_3079,Marketing,151,56,10000000
3080,Karyawan_3080,Marketing,166,55,8500000
3081,Karyawan_3081,Developer,186,25,7000000
3082,Karyawan_3082,Developer,192,57,10000000
3083,Karyawan_3083,Security,196,51,7000000
3084,Karyawan_3084,Designer,187,47,6000000
3085,Karyawan_3085,Security,203,36,10000000
3086,Karyawan_3086,Designer,188,29,8000000
3087,Karyawan_3087,Designer,170,58,6000000
3088,Karyawan_3088,Security,165,35,8500000
3089,Karyawan_3089,Marketing,151,28,10000000
3090,Karyawan_3090,Marketing,201,21,8500000
3091,Karyawan_3091,Developer,168,24,8500000
3092,Karyawan_3092,Marketing,156,54,7000000
3093,Karyawan_3093,Designer,169,42,6000000
3094,Karyawan_3094,Security,199,59,8500000
3095,Karyawan_3095,Developer,209,27,8000000
3096,Karyawan_3096,Developer,186,30,10000000
3097,Karyawan_3097,Marketing,200,28,8500000
3098,Karyawan_3098,Designer,198,31,8000000
3099,Karyawan_3099,Marketing,165,43,10000000
3100,Karyawan_3100,Designer,184,31,6000000
3101,Karyawan_3101,Developer,202,43,10000000
3102,Karyawan_3102,Designer,166,32,8500000
3103,Karyawan_3103,Marketing,156,34,8000000
3104,Karyawan_3104,Admin,184,37,7000000
3105,Karyawan_3105,Marketing,179,25,7000000
3106,Karyawan_3106,Marketing,162,43,7000000
3107,Karyawan_3107,Admin,162,36,8500000
3108,Karyawan_3108,Security,209,56,8500000
3109,Karyawan_3109,Admin,209,48,10000000
3110,Karyawan_3110,Marketing,157,23,8500000
3111,Karyawan_3111,Marketing,180,50,8500000
3112,Karyawan_3112,Security,162,24,6000000
3113,Karyawan_3113,Marketing,161,49,10000000
3114,Karyawan_3114,Designer,172,26,10000000
3115,Karyawan_3115,Admin,162,26,6000000
3116,Karyawan_3116,Marketing,152,28,8000000
3117,Karyawan_3117,Developer,173,57,7000000
3118,Karyawan_3118,Developer,175,46,10000000
3119,Karyawan_3119,Security,169,28,7000000
3120,Karyawan_3120,Admin,199,36,8000000
3121,Karyawan_3121,Admin,175,40,7000000
3122,Karyawan_3122,Developer,193,44,7000000
3123,Karyawan_3123,Developer,169,22,6000000
3124,Karyawan_3124,Admin,204,27,8500000
3125,Karyawan_3125,Marketing,201,23,10000000
3126,Karyawan_3126,Developer,193,38,10000000
3127,Karyawan_3127,Marketing,179,41,8000000
3128,Karyawan_3128,Developer,203,45,8500000
3129,Karyawan_3129,Security,183,54,8000000
3130,Karyawan_3130,Security,155,47,7000000
3131,Karyawan_3131,Marketing,185,41,10000000
3132,Karyawan_3132,Security,152,34,8000000
3133,Karyawan_3133,Developer,161,53,6000000
3134,Karyawan_3134,Marketing,167,36,6000000
3135,Karyawan_3135,Admin,161,27,10000000
3136,Karyawan_3136,Developer,190,56,10000000
3137,Karyawan_3137,Admin,157,39,6000000
3138,Karyawan_3138,Admin,172,24,8500000
3139,Karyawan_3139,Developer,189,40,8500000
3140,Karyawan_3140,Marketing,150,44,8000000
3141,Karyawan_3141,Marketing,167,56,10000000
3142,Karyawan_3142,Designer,188,47,10000000
3143,Karyawan_3143,Security,202,27,8000000
3144,Karyawan_3144,Designer,186,31,7000000
3145,Karyawan_3145,Designer,176,45,7000000
3146,Karyawan_3146,Admin,182,58,10000000
3147,Karyawan_3147,Marketing,175,33,7000000
3148,Karyawan_3148,Admin,194,37,7000000
3149,Karyawan_3149,Marketing,209,32,7000000
3150,Karyawan_3150,Security,153,49,8500000
3151,Karyawan_3151,Developer,204,51,7000000
3152,Karyawan_3152,Admin,156,38,6000000
3153,Karyawan_3153,Designer,185,54,7000000
3154,Karyawan_3154,Designer,171,57,6000000
3155,Karyawan_3155,Developer,171,54,8500000
3156,Karyawan_3156,Developer,187,37,7000000
3157,Karyawan_3157,Developer,208,48,7000000
3158,Karyawan_3158,Security,192,53,8500000
3159,Karyawan_3159,Security,188,51,8000000
3160,Karyawan_3160,Admin,198,54,6000000
3161,Karyawan_3161,Security,155,52,8500000
3162,Karyawan_3162,Developer,164,53,8500000
3163,Karyawan_3163,Developer,155,46,7000000
3164,Karyawan_3164,Designer,169,38,10000000
3165,Karyawan_3165,Admin,161,27,8000000
3166,Karyawan_3166,Admin,195,38,7000000
3167,Karyawan_3167,Marketing,182,42,8000000
3168,Karyawan_3168,Marketing,158,49,8500000
3169,Karyawan_3169,Admin,164,28,8500000
3170,Karyawan_3170,Developer,170,59,8500000
3171,Karyawan_3171,Designer,188,24,6000000
3172,Karyawan_3172,Developer,163,37,10000000
3173,Karyawan_3173,Admin,208,25,8500000
3174,Karyawan_3174,Developer,189,49,8500000
3175,Karyawan_3175,Marketing,178,22,8500000
3176,Karyawan_3176,Developer,195,33,7000000
3177,Karyawan_3177,Security,183,55,6000000
3178,Karyawan_3178,Designer,192,55,8000000
3179,Karyawan_3179,Admin,181,33,7000000
3180,Karyawan_3180,Security,156,31,8500000
3181,Karyawan_3181,Developer,179,42,6000000
3182,Karyawan_3182,Developer,175,59,6000000
3183,Karyawan_3183,Security,192,23,8000000
3184,Karyawan_3184,Designer,154,22,7000000
3185,Karyawan_3185,Marketing,180,29,7000000
3186,Karyawan_3186,Developer,188,31,6000000
3187,Karyawan_3187,Developer,167,58,8000000
3188,Karyawan_3188,Admin,169,30,6000000
3189,Karyawan_3189,Developer,175,36,10000000
3190,Karyawan_3190,Developer,182,57,7000000
3191,Karyawan_3191,Designer,172,41,10000000
3192,Karyawan_3192,Marketing,192,55,8000000
3193,Karyawan_3193,Designer,190,31,8000000
3194,Karyawan_3194,Security,186,51,8500000
3195,Karyawan_3195,Designer,178,21,8000000
3196,Karyawan_3196,Marketing,196,26,10000000
3197,Karyawan_3197,Developer,204,36,6000000
3198,Karyawan_3198,Marketing,162,36,8500000
3199,Karyawan_3199,Security,156,51,7000000
3200,Karyawan_3200,Marketing,188,59,8000000
3201,Karyawan_3201,Marketing,176,56,7000000
3202,Karyawan_3202,Developer,192,26,8000000
3203,Karyawan_3203,Designer,196,45,10000000
3204,Karyawan_3204,Designer,154,50,10000000
3205,Karyawan_3205,Admin,159,46,8000000
3206,Karyawan_3206,Designer,208,25,8500000
3207,Karyawan_3207,Security,168,20,6000000
3208,Karyawan_3208,Security,195,36,6000000
3209,Karyawan_3209,Designer,188,44,6000000
3210,Karyawan_3210,Admin,176,43,8000000
3211,Karyawan_3211,Designer,180,33,8000000
3212,Karyawan_3212,Developer,180,50,6000000
3213,Karyawan_3213,Admin,198,21,8500000
3214,Karyawan_3214,Security,150,35,8500000
3215,Karyawan_3215,Developer,177,42,7000000
3216,Karyawan_3216,Developer,153,33,8500000
3217,Karyawan_3217,Designer,163,50,10000000
3218,Karyawan_3218,Marketing,165,42,7000000
3219,Karyawan_3219,Admin,155,36,8500000
3220,Karyawan_3220,Developer,160,55,6000000
3221,Karyawan_3221,Marketing,197,46,8500000
3222,Karyawan_3222,Security,189,32,8500000
3223,Karyawan_3223,Security,150,48,7000000
3224,Karyawan_3224,Security,186,43,8500000
3225,Karyawan_3225,Designer,163,47,8000000
3226,Karyawan_3226,Marketing,176,41,10000000
3227,Karyawan_3227,Designer,201,30,10000000
3228,Karyawan_3228,Marketing,173,35,7000000
3229,Karyawan_3229,Designer,193,48,10000000
3230,Karyawan_3230,Developer,172,43,10000000
3231,Karyawan_3231,Admin,198,21,7000000
3232,Karyawan_3232,Developer,203,24,10000000
3233,Karyawan_3233,Marketing,189,36,7000000
3234,Karyawan_3234,Marketing,168,53,8000000
3235,Karyawan_3235,Admin,151,26,6000000
3236,Karyawan_3236,Admin,197,37,8000000
3237,Karyawan_3237,Designer,196,21,7000000
3238,Karyawan_3238,Marketing,152,33,8500000
3239,Karyawan_3239,Designer,175,48,8500000
3240,Karyawan_3240,Designer,155,35,8000000
3241,Karyawan_3241,Admin,205,43,8000000
3242,Karyawan_3242,Designer,177,30,8000000
3243,Karyawan_3243,Admin,199,31,7000000
3244,Karyawan_3244,Designer,209,44,8500000
3245,Karyawan_3245,Marketing,152,36,8500000
3246,Karyawan_3246,Designer,180,22,8000000
3247,Karyawan_3247,Marketing,204,34,8500000
3248,Karyawan_3248,Developer,198,43,10000000
3249,Karyawan_3249,Developer,157,51,6000000
3250,Karyawan_3250,Developer,184,39,8500000
3251,Karyawan_3251,Admin,159,20,8500000
3252,Karyawan_3252,Designer,164,47,8000000
3253,Karyawan_3253,Marketing,164,58,10000000
3254,Karyawan_3254,Security,169,39,8000000
3255,Karyawan_3255,Admin,209,35,8000000
3256,Karyawan_3256,Admin,151,33,8000000
3257,Karyawan_3257,Admin,168,53,6000000
3258,Karyawan_3258,Security,157,42,10000000
3259,Karyawan_3259,Marketing,209,23,8000000
3260,Karyawan_3260,Developer,185,47,10000000
3261,Karyawan_3261,Designer,157,27,7000000
3262,Karyawan_3262,Developer,194,31,10000000
3263,Karyawan_3263,Marketing,166,58,7000000
3264,Karyawan_3264,Developer,159,52,8500000
3265,Karyawan_3265,Security,155,54,6000000
3266,Karyawan_3266,Designer,166,59,8000000
3267,Karyawan_3267,Admin,190,37,6000000
3268,Karyawan_3268,Security,186,28,10000000
3269,Karyawan_3269,Designer,207,38,8500000
3270,Karyawan_3270,Admin,191,42,8500000
3271,Karyawan_3271,Marketing,189,46,7000000
3272,Karyawan_3272,Admin,182,34,8500000
3273,Karyawan_3273,Security,184,28,8000000
3274,Karyawan_3274,Security,175,21,7000000
3275,Karyawan_3275,Admin,193,29,6000000
3276,Karyawan_3276,Developer,208,24,8500000
3277,Karyawan_3277,Security,166,54,8500000
3278,Karyawan_3278,Marketing,164,56,10000000
3279,Karyawan_3279,Designer,162,47,8500000
3280,Karyawan_3280,Admin,180,44,8000000
3281,Karyawan_3281,Marketing,178,41,10000000
3282,Karyawan_3282,Marketing,161,46,8000000
3283,Karyawan_3283,Marketing,170,33,6000000
3284,Karyawan_3284,Developer,204,35,8500000
3285,Karyawan_3285,Admin,203,40,6000000
3286,Karyawan_3286,Security,187,43,6000000
3287,Karyawan_3287,Designer,173,37,6000000
3288,Karyawan_3288,Security,196,32,8500000
3289,Karyawan_3289,Marketing,204,41,7000000
3290,Karyawan_3290,Marketing,199,57,8500000
3291,Karyawan_3291,Marketing,191,43,6000000
3292,Karyawan_3292,Marketing,151,29,6000000
3293,Karyawan_3293,Marketing,155,39,6000000
3294,Karyawan_3294,Designer,186,33,8000000
3295,Karyawan_3295,Designer,166,50,6000000
3296,Karyawan_3296,Developer,208,52,6000000
3297,Karyawan_3297,Security,208,38,8000000
3298,Karyawan_3298,Admin,182,22,6000000
3299,Karyawan_3299,Developer,208,58,8000000
3300,Karyawan_3300,Security,174,55,8500000
3301,Karyawan_3301,Admin,191,39,7000000
3302,Karyawan_3302,Admin,167,54,10000000
3303,Karyawan_3303,Designer,158,40,8000000
3304,Karyawan_3304,Admin,167,46,8000000
3305,Karyawan_3305,Security,196,37,8500000
3306,Karyawan_3306,Admin,179,21,6000000
3307,Karyawan_3307,Developer,186,27,7000000
3308,Karyawan_3308,Security,174,55,8000000
3309,Karyawan_3309,Developer,201,56,10000000
3310,Karyawan_3310,Designer,201,50,10000000
3311,Karyawan_3311,Developer,183,29,6000000
3312,Karyawan_3312,Security,204,26,7000000
3313,Karyawan_3313,Developer,161,36,7000000
3314,Karyawan_3314,Marketing,160,43,6000000
3315,Karyawan_3315,Developer,182,42,8000000
3316,Karyawan_3316,Admin,150,41,10000000
3317,Karyawan_3317,Marketing,167,32,8000000
3318,Karyawan_3318,Security,206,35,8500000
3319,Karyawan_3319,Security,156,54,6000000
3320,Karyawan_3320,Admin,200,27,8500000
3321,Karyawan_3321,Admin,163,25,6000000
3322,Karyawan_3322,Security,199,46,10000000
3323,Karyawan_3323,Admin,172,22,6000000
3324,Karyawan_3324,Security,166,25,6000000
3325,Karyawan_3325,Admin,186,43,7000000
3326,Karyawan_3326,Marketing,166,23,8000000
3327,Karyawan_3327,Security,198,25,8500000
3328,Karyawan_3328,Security,160,51,7000000
3329,Karyawan_3329,Developer,191,27,10000000
3330,Karyawan_3330,Developer,160,54,8000000
3331,Karyawan_3331,Security,168,59,10000000
3332,Karyawan_3332,Admin,205,36,8500000
3333,Karyawan_3333,Marketing,178,27,7000000
3334,Karyawan_3334,Designer,157,50,8500000
3335,Karyawan_3335,Designer,193,29,8000000
3336,Karyawan_3336,Security,194,40,7000000
3337,Karyawan_3337,Security,170,28,6000000
3338,Karyawan_3338,Security,150,45,10000000
3339,Karyawan_3339,Security,154,39,6000000
3340,Karyawan_3340,Security,162,51,7000000
3341,Karyawan_3341,Admin,160,37,8500000
3342,Karyawan_3342,Security,151,46,8500000
3343,Karyawan_3343,Security,156,42,10000000
3344,Karyawan_3344,Marketing,181,24,8500000
3345,Karyawan_3345,Security,199,43,7000000
3346,Karyawan_3346,Security,189,48,8500000
3347,Karyawan_3347,Security,208,32,10000000
3348,Karyawan_3348,Designer,199,30,8500000
3349,Karyawan_3349,Admin,153,22,10000000
3350,Karyawan_3350,Developer,202,52,7000000
3351,Karyawan_3351,Developer,150,21,8500000
3352,Karyawan_3352,Developer,163,31,6000000
3353,Karyawan_3353,Designer,198,28,10000000
3354,Karyawan_3354,Marketing,201,51,10000000
3355,Karyawan_3355,Developer,172,40,8500000
3356,Karyawan_3356,Developer,183,43,6000000
3357,Karyawan_3357,Marketing,189,34,10000000
3358,Karyawan_3358,Designer,157,25,8000000
3359,Karyawan_3359,Marketing,166,29,8000000
3360,Karyawan_3360,Admin,191,23,6000000
3361,Karyawan_3361,Security,173,31,6000000
3362,Karyawan_3362,Security,194,45,7000000
3363,Karyawan_3363,Marketing,186,31,10000000
3364,Karyawan_3364,Developer,186,43,8000000
3365,Karyawan_3365,Developer,164,35,7000000
3366,Karyawan_3366,Developer,180,42,6000000
3367,Karyawan_3367,Marketing,202,25,6000000
3368,Karyawan_3368,Designer,186,31,6000000
3369,Karyawan_3369,Designer,154,49,6000000
3370,Karyawan_3370,Admin,157,21,6000000
3371,Karyawan_3371,Security,159,43,10000000
3372,Karyawan_3372,Admin,172,21,8500000
3373,Karyawan_3373,Marketing,173,38,10000000
3374,Karyawan_3374,Developer,160,38,10000000
3375,Karyawan_3375,Marketing,206,35,8000000
3376,Karyawan_3376,Developer,206,51,8000000
3377,Karyawan_3377,Developer,161,52,10000000
3378,Karyawan_3378,Designer,200,30,6000000
3379,Karyawan_3379,Security,166,35,8500000
3380,Karyawan_3380,Marketing,167,52,10000000
3381,Karyawan_3381,Admin,171,26,7000000
3382,Karyawan_3382,Admin,175,51,8000000
3383,Karyawan_3383,Security,179,51,8500000
3384,Karyawan_3384,Security,174,45,7000000
3385,Karyawan_3385,Admin,192,40,8000000
3386,Karyawan_3386,Marketing,197,40,8500000
3387,Karyawan_3387,Designer,178,29,10000000
3388,Karyawan_3388,Designer,201,50,7000000
3389,Karyawan_3389,Developer,155,52,8000000
3390,Karyawan_3390,Designer,207,32,8000000
3391,Karyawan_3391,Designer,179,30,7000000
3392,Karyawan_3392,Marketing,177,27,8500000
3393,Karyawan_3393,Security,166,35,6000000
3394,Karyawan_3394,Developer,174,58,10000000
3395,Karyawan_3395,Developer,177,44,10000000
3396,Karyawan_3396,Security,161,34,8500000
3397,Karyawan_3397,Designer,168,50,6000000
3398,Karyawan_3398,Security,169,26,10000000
3399,Karyawan_3399,Security,189,31,7000000
3400,Karyawan_3400,Developer,201,25,8500000
3401,Karyawan_3401,Security,185,59,8000000
3402,Karyawan_3402,Designer,209,30,6000000
3403,Karyawan_3403,Admin,205,26,8500000
3404,Karyawan_3404,Security,202,52,8500000
3405,Karyawan_3405,Marketing,196,22,10000000
3406,Karyawan_3406,Developer,160,38,7000000
3407,Karyawan_3407,Admin,155,29,8500000
3408,Karyawan_3408,Marketing,205,45,10000000
3409,Karyawan_3409,Marketing,191,30,7000000
3410,Karyawan_3410,Marketing,184,31,10000000
3411,Karyawan_3411,Security,177,54,6000000
3412,Karyawan_3412,Marketing,184,54,8000000
3413,Karyawan_3413,Designer,158,27,8500000
3414,Karyawan_3414,Designer,170,46,8000000
3415,Karyawan_3415,Designer,208,37,8500000
3416,Karyawan_3416,Developer,154,34,8000000
3417,Karyawan_3417,Admin,205,43,10000000
3418,Karyawan_3418,Security,194,47,8500000
3419,Karyawan_3419,Designer,175,45,10000000
3420,Karyawan_3420,Marketing,168,34,8500000
3421,Karyawan_3421,Admin,178,27,8500000
3422,Karyawan_3422,Marketing,160,21,8500000
3423,Karyawan_3423,Security,176,57,7000000
3424,Karyawan_3424,Designer,155,25,10000000
3425,Karyawan_3425,Designer,156,24,8000000
3426,Karyawan_3426,Security,152,42,10000000
3427,Karyawan_3427,Designer,161,33,10000000
3428,Karyawan_3428,Security,174,33,8000000
3429,Karyawan_3429,Developer,189,27,10000000
3430,Karyawan_3430,Marketing,170,36,7000000
3431,Karyawan_3431,Admin,207,30,8500000
3432,Karyawan_3432,Admin,163,24,8000000
3433,Karyawan_3433,Developer,162,30,7000000
3434,Karyawan_3434,Admin,178,50,6000000
3435,Karyawan_3435,Security,155,31,8000000
3436,Karyawan_3436,Admin,177,46,6000000
3437,Karyawan_3437,Security,204,22,10000000
3438,Karyawan_3438,Admin,199,24,8500000
3439,Karyawan_3439,Developer,195,34,6000000
3440,Karyawan_3440,Designer,192,23,7000000
3441,Karyawan_3441,Developer,154,36,8000000
3442,Karyawan_3442,Security,173,28,6000000
3443,Karyawan_3443,Security,170,38,8500000
3444,Karyawan_3444,Marketing,202,32,7000000
3445,Karyawan_3445,Admin,199,23,8000000
3446,Karyawan_3446,Marketing,197,27,10000000
3447,Karyawan_3447,Marketing,169,58,6000000
3448,Karyawan_3448,Admin,187,57,8000000
3449,Karyawan_3449,Developer,193,21,7000000
3450,Karyawan_3450,Security,170,26,7000000
3451,Karyawan_3451,Marketing,154,40,10000000
3452,Karyawan_3452,Security,177,25,6000000
3453,Karyawan_3453,Designer,166,27,8500000
3454,Karyawan_3454,Security,178,33,7000000
3455,Karyawan_3455,Marketing,195,49,10000000
3456,Karyawan_3456,Developer,158,39,10000000
3457,Karyawan_3457,Admin,201,40,7000000
3458,Karyawan_3458,Designer,201,29,10000000
3459,Karyawan_3459,Developer,189,31,6000000
3460,Karyawan_3460,Admin,205,44,7000000
3461,Karyawan_3461,Security,163,56,6000000
3462,Karyawan_3462,Developer,197,26,8500000
3463,Karyawan_3463,Marketing,156,56,8500000
3464,Karyawan_3464,Admin,167,44,10000000
3465,Karyawan_3465,Designer,194,28,10000000
3466,Karyawan_3466,Security,180,37,7000000
3467,Karyawan_3467,Admin,182,47,10000000
3468,Karyawan_3468,Security,167,25,10000000
3469,Karyawan_3469,Marketing,204,33,10000000
3470,Karyawan_3470,Admin,167,27,8500000
3471,Karyawan_3471,Marketing,207,35,6000000
3472,Karyawan_3472,Marketing,186,36,8000000
3473,Karyawan_3473,Designer,173,35,8000000
3474,Karyawan_3474,Designer,164,24,8500000
3475,Karyawan_3475,Admin,207,21,8500000
3476,Karyawan_3476,Developer,200,44,10000000
3477,Karyawan_3477,Admin,187,39,10000000
3478,Karyawan_3478,Marketing,166,43,8000000
3479,Karyawan_3479,Admin,199,28,8500000
3480,Karyawan_3480,Marketing,161,50,10000000
3481,Karyawan_3481,Marketing,205,42,7000000
3482,Karyawan_3482,Developer,179,33,6000000
3483,Karyawan_3483,Security,164,32,7000000
3484,Karyawan_3484,Security,181,26,8500000
3485,Karyawan_3485,Marketing,164,53,8000000
3486,Karyawan_3486,Security,152,58,8500000
3487,Karyawan_3487,Admin,193,31,8500000
3488,Karyawan_3488,Security,154,20,8500000
3489,Karyawan_3489,Marketing,209,57,10000000
3490,Karyawan_3490,Designer,203,53,6000000
3491,Karyawan_3491,Designer,153,40,6000000
3492,Karyawan_3492,Security,191,20,7000000
3493,Karyawan_3493,Security,159,27,10000000
3494,Karyawan_3494,Admin,157,27,10000000
3495,Karyawan_3495,Developer,205,52,10000000
3496,Karyawan_3496,Developer,197,58,10000000
3497,Karyawan_3497,Marketing,190,57,7000000
3498,Karyawan_3498,Developer,176,22,8500000
3499,Karyawan_3499,Security,163,34,6000000
3500,Karyawan_3500,Developer,171,59,7000000
3501,Karyawan_3501,Designer,190,40,7000000
3502,Karyawan_3502,Designer,165,29,7000000
3503,Karyawan_3503,Admin,201,42,10000000
3504,Karyawan_3504,Security,165,21,6000000
3505,Karyawan_3505,Admin,175,42,10000000
3506,Karyawan_3506,Developer,201,44,8000000
3507,Karyawan_3507,Designer,154,45,8500000
3508,Karyawan_3508,Developer,161,30,10000000
3509,Karyawan_3509,Admin,158,43,8000000
3510,Karyawan_3510,Marketing,168,35,7000000
3511,Karyawan_3511,Developer,169,39,10000000
3512,Karyawan_3512,Security,207,45,6000000
3513,Karyawan_3513,Admin,182,27,7000000
3514,Karyawan_3514,Marketing,167,53,10000000
3515,Karyawan_3515,Marketing,162,43,10000000
3516,Karyawan_3516,Security,207,53,10000000
3517,Karyawan_3517,Designer,208,57,8000000
3518,Karyawan_3518,Admin,171,32,10000000
3519,Karyawan_3519,Designer,176,35,10000000
3520,Karyawan_3520,Developer,155,48,6000000
3521,Karyawan_3521,Designer,206,40,7000000
3522,Karyawan_3522,Security,195,28,8000000
3523,Karyawan_3523,Designer,201,47,7000000
3524,Karyawan_3524,Designer,206,28,8500000
3525,Karyawan_3525,Developer,150,49,8000000
3526,Karyawan_3526,Security,156,53,6000000
3527,Karyawan_3527,Marketing,169,57,8000000
3528,Karyawan_3528,Designer,205,24,8000000
3529,Karyawan_3529,Security,172,35,10000000
3530,Karyawan_3530,Admin,166,57,8500000
3531,Karyawan_3531,Security,152,33,6000000
3532,Karyawan_3532,Admin,167,45,7000000
3533,Karyawan_3533,Developer,203,34,7000000
3534,Karyawan_3534,Marketing,182,26,8000000
3535,Karyawan_3535,Designer,191,51,10000000
3536,Karyawan_3536,Developer,186,28,6000000
3537,Karyawan_3537,Developer,199,25,7000000
3538,Karyawan_3538,Designer,189,22,6000000
3539,Karyawan_3539,Admin,179,32,8000000
3540,Karyawan_3540,Designer,201,27,8500000
3541,Karyawan_3541,Designer,166,34,10000000
3542,Karyawan_3542,Developer,206,20,8000000
3543,Karyawan_3543,Designer,197,28,10000000
3544,Karyawan_3544,Developer,162,56,8500000
3545,Karyawan_3545,Admin,193,30,8500000
3546,Karyawan_3546,Admin,187,25,8000000
3547,Karyawan_3547,Admin,159,59,10000000
3548,Karyawan_3548,Admin,184,32,7000000
3549,Karyawan_3549,Developer,150,37,8000000
3550,Karyawan_3550,Designer,176,55,7000000
3551,Karyawan_3551,Developer,160,33,8000000
3552,Karyawan_3552,Admin,179,31,10000000
3553,Karyawan_3553,Admin,193,36,8500000
3554,Karyawan_3554,Security,205,35,8500000
3555,Karyawan_3555,Developer,190,31,8500000
3556,Karyawan_3556,Designer,157,41,6000000
3557,Karyawan_3557,Security,191,59,8500000
3558,Karyawan_3558,Developer,155,57,8000000
3559,Karyawan_3559,Admin,202,32,8500000
3560,Karyawan_3560,Marketing,200,45,8500000
3561,Karyawan_3561,Security,184,45,6000000
3562,Karyawan_3562,Admin,188,44,8500000
3563,Karyawan_3563,Developer,199,37,8500000
3564,Karyawan_3564,Security,173,23,8500000
3565,Karyawan_3565,Developer,171,22,7000000
3566,Karyawan_3566,Security,202,58,8500000
3567,Karyawan_3567,Security,184,20,8500000
3568,Karyawan_3568,Marketing,160,39,6000000
3569,Karyawan_3569,Marketing,166,42,6000000
3570,Karyawan_3570,Developer,157,50,8500000
3571,Karyawan_3571,Security,205,43,10000000
3572,Karyawan_3572,Security,208,20,8000000
3573,Karyawan_3573,Designer,163,30,7000000
3574,Karyawan_3574,Developer,183,51,7000000
3575,Karyawan_3575,Security,164,57,8500000
3576,Karyawan_3576,Developer,173,50,8500000
3577,Karyawan_3577,Marketing,161,56,10000000
3578,Karyawan_3578,Designer,176,29,10000000
3579,Karyawan_3579,Developer,189,25,8500000
3580,Karyawan_3580,Admin,182,32,6000000
3581,Karyawan_3581,Designer,193,49,8500000
3582,Karyawan_3582,Designer,180,41,8500000
3583,Karyawan_3583,Security,179,50,6000000
3584,Karyawan_3584,Admin,157,37,7000000
3585,Karyawan_3585,Admin,186,48,7000000
3586,Karyawan_3586,Marketing,185,45,8500000
3587,Karyawan_3587,Developer,175,26,8500000
3588,Karyawan_3588,Developer,206,45,10000000
3589,Karyawan_3589,Security,181,50,8500000
3590,Karyawan_3590,Security,198,57,7000000
3591,Karyawan_3591,Marketing,183,22,10000000
3592,Karyawan_3592,Designer,179,25,7000000
3593,Karyawan_3593,Marketing,160,48,8500000
3594,Karyawan_3594,Developer,161,53,8500000
3595,Karyawan_3595,Designer,175,20,8500000
3596,Karyawan_3596,Developer,150,49,10000000
3597,Karyawan_3597,Security,155,34,7000000
3598,Karyawan_3598,Designer,189,47,6000000
3599,Karyawan_3599,Security,179,35,7000000
3600,Karyawan_3600,Security,159,21,7000000
3601,Karyawan_3601,Designer,205,54,7000000
3602,Karyawan_3602,Security,177,34,6000000
3603,Karyawan_3603,Admin,208,49,10000000
3604,Karyawan_3604,Admin,165,48,6000000
3605,Karyawan_3605,Developer,163,35,6000000
3606,Karyawan_3606,Marketing,182,51,8000000
3607,Karyawan_3607,Security,154,52,8500000
3608,Karyawan_3608,Admin,178,22,6000000
3609,Karyawan_3609,Security,161,23,7000000
3610,Karyawan_3610,Designer,198,27,6000000
3611,Karyawan_3611,Marketing,177,38,8000000
3612,Karyawan_3612,Security,152,33,10000000
3613,Karyawan_3613,Developer,194,49,7000000
3614,Karyawan_3614,Marketing,208,45,6000000
3615,Karyawan_3615,Developer,166,46,8500000
3616,Karyawan_3616,Security,163,46,8000000
3617,Karyawan_3617,Developer,190,35,8500000
3618,Karyawan_3618,Security,157,33,6000000
3619,Karyawan_3619,Admin,159,39,7000000
3620,Karyawan_3620,Admin,162,38,7000000
3621,Karyawan_3621,Designer,178,24,8500000
3622,Karyawan_3622,Marketing,150,23,8500000
3623,Karyawan_3623,Security,173,22,8000000
3624,Karyawan_3624,Marketing,202,21,8500000
3625,Karyawan_3625,Security,179,45,10000000
3626,Karyawan_3626,Admin,169,33,6000000
3627,Karyawan_3627,Admin,199,59,10000000
3628,Karyawan_3628,Marketing,193,48,7000000
3629,Karyawan_3629,Developer,201,39,10000000
3630,Karyawan_3630,Admin,181,44,8000000
3631,Karyawan_3631,Designer,151,24,6000000
3632,Karyawan_3632,Marketing,200,48,10000000
3633,Karyawan_3633,Developer,170,58,8000000
3634,Karyawan_3634,Designer,166,49,10000000
3635,Karyawan_3635,Developer,203,38,8500000
3636,Karyawan_3636,Designer,203,48,8000000
3637,Karyawan_3637,Designer,171,48,10000000
3638,Karyawan_3638,Developer,191,22,6000000
3639,Karyawan_3639,Marketing,187,28,10000000
3640,Karyawan_3640,Security,161,53,7000000
3641,Karyawan_3641,Developer,195,52,7000000
3642,Karyawan_3642,Admin,167,21,10000000
3643,Karyawan_3643,Security,188,32,10000000
3644,Karyawan_3644,Designer,175,56,10000000
3645,Karyawan_3645,Admin,194,43,6000000
3646,Karyawan_3646,Designer,181,27,8000000
3647,Karyawan_3647,Marketing,204,37,10000000
3648,Karyawan_3648,Developer,159,51,7000000
3649,Karyawan_3649,Designer,182,26,6000000
3650,Karyawan_3650,Developer,164,20,7000000
3651,Karyawan_3651,Developer,155,36,6000000
3652,Karyawan_3652,Marketing,196,45,7000000
3653,Karyawan_3653,Marketing,159,37,8000000
3654,Karyawan_3654,Admin,187,27,8000000
3655,Karyawan_3655,Designer,158,35,8000000
3656,Karyawan_3656,Security,157,37,6000000
3657,Karyawan_3657,Admin,163,30,8500000
3658,Karyawan_3658,Marketing,183,54,7000000
3659,Karyawan_3659,Designer,158,32,7000000
3660,Karyawan_3660,Developer,199,44,7000000
3661,Karyawan_3661,Admin,152,43,7000000
3662,Karyawan_3662,Designer,201,25,8000000
3663,Karyawan_3663,Marketing,162,31,8000000
3664,Karyawan_3664,Security,178,47,7000000
3665,Karyawan_3665,Admin,203,49,7000000
3666,Karyawan_3666,Security,202,59,7000000
3667,Karyawan_3667,Security,201,26,7000000
3668,Karyawan_3668,Developer,164,51,6000000
3669,Karyawan_3669,Developer,186,52,7000000
3670,Karyawan_3670,Developer,199,44,10000000
3671,Karyawan_3671,Security,195,21,7000000
3672,Karyawan_3672,Marketing,197,25,10000000
3673,Karyawan_3673,Designer,160,44,6000000
3674,Karyawan_3674,Designer,150,56,8500000
3675,Karyawan_3675,Admin,164,52,8500000
3676,Karyawan_3676,Developer,165,51,8000000
3677,Karyawan_3677,Marketing,195,33,10000000
3678,Karyawan_3678,Designer,175,52,7000000
3679,Karyawan_3679,Developer,183,21,7000000
3680,Karyawan_3680,Designer,158,25,7000000
3681,Karyawan_3681,Designer,167,56,8500000
3682,Karyawan_3682,Marketing,191,26,7000000
3683,Karyawan_3683,Marketing,173,58,10000000
3684,Karyawan_3684,Developer,169,49,8500000
3685,Karyawan_3685,Designer,153,45,6000000
3686,Karyawan_3686,Admin,177,56,7000000
3687,Karyawan_3687,Marketing,196,36,10000000
3688,Karyawan_3688,Marketing,203,42,8500000
3689,Karyawan_3689,Developer,155,41,8000000
3690,Karyawan_3690,Developer,180,28,6000000
3691,Karyawan_3691,Security,171,24,7000000
3692,Karyawan_3692,Designer,151,50,7000000
3693,Karyawan_3693,Admin,175,47,7000000
3694,Karyawan_3694,Security,170,30,10000000
3695,Karyawan_3695,Designer,181,31,8500000
3696,Karyawan_3696,Designer,167,28,8500000
3697,Karyawan_3697,Admin,175,30,8500000
3698,Karyawan_3698,Developer,200,20,7000000
3699,Karyawan_3699,Security,176,23,8000000
3700,Karyawan_3700,Designer,180,43,6000000
3701,Karyawan_3701,Admin,209,41,8500000
3702,Karyawan_3702,Admin,172,38,8500000
3703,Karyawan_3703,Admin,169,43,10000000
3704,Karyawan_3704,Developer,170,41,6000000
3705,Karyawan_3705,Designer,167,36,7000000
3706,Karyawan_3706,Designer,203,34,8500000
3707,Karyawan_3707,Marketing,199,45,7000000
3708,Karyawan_3708,Security,162,42,10000000
3709,Karyawan_3709,Marketing,182,49,8000000
3710,Karyawan_3710,Admin,185,30,7000000
3711,Karyawan_3711,Admin,190,43,8000000
3712,Karyawan_3712,Developer,151,51,7000000
3713,Karyawan_3713,Admin,153,37,8500000
3714,Karyawan_3714,Designer,167,57,7000000
3715,Karyawan_3715,Developer,156,59,8000000
3716,Karyawan_3716,Designer,161,53,10000000
3717,Karyawan_3717,Security,177,36,6000000
3718,Karyawan_3718,Admin,167,56,8500000
3719,Karyawan_3719,Admin,158,39,8500000
3720,Karyawan_3720,Admin,151,35,8500000
3721,Karyawan_3721,Security,185,35,8000000
3722,Karyawan_3722,Marketing,155,33,6000000
3723,Karyawan_3723,Security,172,40,8500000
3724,Karyawan_3724,Marketing,183,58,8500000
3725,Karyawan_3725,Developer,165,59,6000000
3726,Karyawan_3726,Developer,203,55,8000000
3727,Karyawan_3727,Marketing,184,51,10000000
3728,Karyawan_3728,Designer,169,26,8000000
3729,Karyawan_3729,Designer,186,34,8500000
3730,Karyawan_3730,Marketing,169,40,8000000
3731,Karyawan_3731,Marketing,191,42,8000000
3732,Karyawan_3732,Designer,192,24,10000000
3733,Karyawan_3733,Marketing,174,54,10000000
3734,Karyawan_3734,Developer,197,40,8000000
3735,Karyawan_3735,Designer,187,38,8000000
3736,Karyawan_3736,Marketing,184,24,6000000
3737,Karyawan_3737,Designer,154,24,10000000
3738,Karyawan_3738,Security,175,46,7000000
3739,Karyawan_3739,Developer,188,34,8500000
3740,Karyawan_3740,Designer,166,55,6000000
3741,Karyawan_3741,Designer,160,41,8500000
3742,Karyawan_3742,Designer,195,43,10000000
3743,Karyawan_3743,Security,152,41,8500000
3744,Karyawan_3744,Security,172,53,10000000
3745,Karyawan_3745,Marketing,206,42,8000000
3746,Karyawan_3746,Security,194,32,7000000
3747,Karyawan_3747,Developer,198,22,8000000
3748,Karyawan_3748,Designer,164,41,6000000
3749,Karyawan_3749,Designer,168,45,10000000
3750,Karyawan_3750,Security,183,38,8500000
3751,Karyawan_3751,Developer,178,37,8500000
3752,Karyawan_3752,Marketing,205,27,7000000
3753,Karyawan_3753,Designer,161,35,8500000
3754,Karyawan_3754,Marketing,179,20,8000000
3755,Karyawan_3755,Developer,165,48,8000000
3756,Karyawan_3756,Developer,168,51,8500000
3757,Karyawan_3757,Designer,202,26,8500000
3758,Karyawan_3758,Admin,150,58,10000000
3759,Karyawan_3759,Admin,205,22,8500000
3760,Karyawan_3760,Developer,164,24,6000000
3761,Karyawan_3761,Admin,158,53,8500000
3762,Karyawan_3762,Security,201,24,6000000
3763,Karyawan_3763,Marketing,156,36,8000000
3764,Karyawan_3764,Developer,189,57,6000000
3765,Karyawan_3765,Security,156,22,7000000
3766,Karyawan_3766,Marketing,192,44,7000000
3767,Karyawan_3767,Developer,201,57,6000000
3768,Karyawan_3768,Designer,166,35,8000000
3769,Karyawan_3769,Developer,164,45,10000000
3770,Karyawan_3770,Designer,193,50,6000000
3771,Karyawan_3771,Designer,171,59,6000000
3772,Karyawan_3772,Admin,171,35,8500000
3773,Karyawan_3773,Security,194,39,7000000
3774,Karyawan_3774,Security,207,55,8500000
3775,Karyawan_3775,Security,169,50,8500000
3776,Karyawan_3776,Developer,152,34,8000000
3777,Karyawan_3777,Admin,158,50,6000000
3778,Karyawan_3778,Marketing,185,40,8000000
3779,Karyawan_3779,Marketing,155,26,10000000
3780,Karyawan_3780,Security,203,41,7000000
3781,Karyawan_3781,Security,184,38,8000000
3782,Karyawan_3782,Security,155,23,8500000
3783,Karyawan_3783,Admin,196,36,10000000
3784,Karyawan_3784,Designer,170,38,8500000
3785,Karyawan_3785,Developer,178,53,8000000
3786,Karyawan_3786,Marketing,177,50,7000000
3787,Karyawan_3787,Security,167,49,7000000
3788,Karyawan_3788,Admin,180,36,10000000
3789,Karyawan_3789,Admin,157,59,8500000
3790,Karyawan_3790,Designer,152,28,6000000
3791,Karyawan_3791,Admin,176,46,10000000
3792,Karyawan_3792,Marketing,186,51,6000000
3793,Karyawan_3793,Developer,190,34,7000000
3794,Karyawan_3794,Developer,174,35,8000000
3795,Karyawan_3795,Developer,167,45,7000000
3796,Karyawan_3796,Marketing,158,31,7000000
3797,Karyawan_3797,Security,168,28,8500000
3798,Karyawan_3798,Security,156,46,7000000
3799,Karyawan_3799,Designer,151,41,8500000
3800,Karyawan_3800,Security,179,44,10000000
3801,Karyawan_3801,Security,161,43,8000000
3802,Karyawan_3802,Security,168,43,7000000
3803,Karyawan_3803,Developer,158,22,7000000
3804,Karyawan_3804,Designer,173,55,8500000
3805,Karyawan_3805,Security,179,51,8000000
3806,Karyawan_3806,Designer,192,36,8000000
3807,Karyawan_3807,Designer,159,30,7000000
3808,Karyawan_3808,Developer,153,40,8500000
3809,Karyawan_3809,Designer,169,38,7000000
3810,Karyawan_3810,Developer,208,55,6000000
3811,Karyawan_3811,Designer,195,48,8000000
3812,Karyawan_3812,Security,176,20,7000000
3813,Karyawan_3813,Admin,174,55,6000000
3814,Karyawan_3814,Security,175,32,6000000
3815,Karyawan_3815,Admin,176,21,6000000
3816,Karyawan_3816,Admin,168,47,8500000
3817,Karyawan_3817,Marketing,202,43,7000000
3818,Karyawan_3818,Admin,158,36,7000000
3819,Karyawan_3819,Developer,158,58,8500000
3820,Karyawan_3820,Developer,180,41,6000000
3821,Karyawan_3821,Designer,197,30,10000000
3822,Karyawan_3822,Designer,191,52,8000000
3823,Karyawan_3823,Security,155,33,10000000
3824,Karyawan_3824,Developer,196,39,6000000
3825,Karyawan_3825,Security,195,20,6000000
3826,Karyawan_3826,Designer,159,23,7000000
3827,Karyawan_3827,Designer,170,22,10000000
3828,Karyawan_3828,Security,196,33,8500000
3829,Karyawan_3829,Security,184,28,6000000
3830,Karyawan_3830,Developer,209,23,7000000
3831,Karyawan_3831,Designer,196,53,8500000
3832,Karyawan_3832,Developer,176,22,8500000
3833,Karyawan_3833,Admin,179,39,10000000
3834,Karyawan_3834,Designer,178,36,8000000
3835,Karyawan_3835,Marketing,173,52,10000000
3836,Karyawan_3836,Marketing,188,54,6000000
3837,Karyawan_3837,Security,153,58,10000000
3838,Karyawan_3838,Developer,165,27,7000000
3839,Karyawan_3839,Admin,188,50,10000000
3840,Karyawan_3840,Marketing,166,58,8000000
3841,Karyawan_3841,Marketing,182,30,10000000
3842,Karyawan_3842,Designer,175,47,7000000
3843,Karyawan_3843,Admin,160,56,10000000
3844,Karyawan_3844,Designer,183,44,8000000
3845,Karyawan_3845,Admin,206,38,10000000
3846,Karyawan_3846,Security,202,45,6000000
3847,Karyawan_3847,Marketing,165,36,8000000
3848,Karyawan_3848,Security,199,30,8000000
3849,Karyawan_3849,Marketing,163,58,7000000
3850,Karyawan_3850,Developer,177,40,7000000
3851,Karyawan_3851,Marketing,206,50,8000000
3852,Karyawan_3852,Designer,182,32,6000000
3853,Karyawan_3853,Developer,162,45,10000000
3854,Karyawan_3854,Admin,159,25,10000000
3855,Karyawan_3855,Designer,157,49,10000000
3856,Karyawan_3856,Designer,156,51,6000000
3857,Karyawan_3857,Designer,197,28,10000000
3858,Karyawan_3858,Designer,205,22,8000000
3859,Karyawan_3859,Developer,151,40,8500000
3860,Karyawan_3860,Security,166,59,6000000
3861,Karyawan_3861,Marketing,156,36,8000000
3862,Karyawan_3862,Marketing,152,48,8500000
3863,Karyawan_3863,Security,193,54,7000000
3864,Karyawan_3864,Developer,164,22,10000000
3865,Karyawan_3865,Admin,181,24,10000000
3866,Karyawan_3866,Designer,202,34,8000000
3867,Karyawan_3867,Developer,196,27,7000000
3868,Karyawan_3868,Developer,204,28,8000000
3869,Karyawan_3869,Marketing,171,40,7000000
3870,Karyawan_3870,Developer,168,53,8500000
3871,Karyawan_3871,Marketing,151,43,8500000
3872,Karyawan_3872,Developer,209,40,8500000
3873,Karyawan_3873,Admin,188,35,8500000
3874,Karyawan_3874,Developer,163,49,8500000
3875,Karyawan_3875,Developer,189,40,6000000
3876,Karyawan_3876,Marketing,171,23,7000000
3877,Karyawan_3877,Admin,165,47,8500000
3878,Karyawan_3878,Security,197,25,8000000
3879,Karyawan_3879,Developer,181,53,7000000
3880,Karyawan_3880,Marketing,154,54,8000000
3881,Karyawan_3881,Marketing,173,30,6000000
3882,Karyawan_3882,Security,179,51,7000000
3883,Karyawan_3883,Designer,187,20,8000000
3884,Karyawan_3884,Developer,194,39,10000000
3885,Karyawan_3885,Designer,207,59,8500000
3886,Karyawan_3886,Developer,187,47,8500000
3887,Karyawan_3887,Security,173,33,7000000
3888,Karyawan_3888,Designer,189,45,6000000
3889,Karyawan_3889,Admin,154,45,6000000
3890,Karyawan_3890,Marketing,187,29,6000000
3891,Karyawan_3891,Designer,168,52,7000000
3892,Karyawan_3892,Marketing,162,31,6000000
3893,Karyawan_3893,Designer,189,41,8000000
3894,Karyawan_3894,Security,196,26,7000000
3895,Karyawan_3895,Security,167,39,8000000
3896,Karyawan_3896,Designer,170,48,7000000
3897,Karyawan_3897,Admin,154,44,10000000
3898,Karyawan_3898,Designer,177,27,8000000
3899,Karyawan_3899,Security,198,48,7000000
3900,Karyawan_3900,Marketing,202,50,7000000
3901,Karyawan_3901,Developer,161,46,7000000
3902,Karyawan_3902,Developer,201,39,7000000
3903,Karyawan_3903,Developer,191,50,10000000
3904,Karyawan_3904,Developer,191,20,7000000
3905,Karyawan_3905,Security,176,21,8000000
3906,Karyawan_3906,Admin,167,29,10000000
3907,Karyawan_3907,Marketing,179,48,6000000
3908,Karyawan_3908,Developer,187,32,7000000
3909,Karyawan_3909,Marketing,164,49,6000000
3910,Karyawan_3910,Designer,205,33,6000000
3911,Karyawan_3911,Developer,182,42,8500000
3912,Karyawan_3912,Designer,200,59,8000000
3913,Karyawan_3913,Designer,195,41,8500000
3914,Karyawan_3914,Designer,187,59,7000000
3915,Karyawan_3915,Designer,156,21,8000000
3916,Karyawan_3916,Marketing,151,41,6000000
3917,Karyawan_3917,Security,153,27,6000000
3918,Karyawan_3918,Developer,177,39,10000000
3919,Karyawan_3919,Designer,208,27,6000000
3920,Karyawan_3920,Admin,176,57,8500000
3921,Karyawan_3921,Admin,190,58,8500000
3922,Karyawan_3922,Security,167,25,8000000
3923,Karyawan_3923,Designer,158,31,8500000
3924,Karyawan_3924,Developer,201,24,8500000
3925,Karyawan_3925,Developer,158,39,6000000
3926,Karyawan_3926,Marketing,192,57,8000000
3927,Karyawan_3927,Security,208,41,7000000
3928,Karyawan_3928,Marketing,200,55,8500000
3929,Karyawan_3929,Marketing,200,41,8000000
3930,Karyawan_3930,Developer,181,32,10000000
3931,Karyawan_3931,Designer,152,44,10000000
3932,Karyawan_3932,Designer,209,46,7000000
3933,Karyawan_3933,Marketing,170,25,7000000
3934,Karyawan_3934,Security,195,59,6000000
3935,Karyawan_3935,Designer,190,35,6000000
3936,Karyawan_3936,Designer,173,52,7000000
3937,Karyawan_3937,Designer,174,47,7000000
3938,Karyawan_3938,Admin,184,51,8500000
3939,Karyawan_3939,Admin,203,47,8000000
3940,Karyawan_3940,Security,165,38,6000000
3941,Karyawan_3941,Developer,208,25,10000000
3942,Karyawan_3942,Developer,172,22,10000000
3943,Karyawan_3943,Marketing,175,25,6000000
3944,Karyawan_3944,Designer,159,36,6000000
3945,Karyawan_3945,Admin,188,31,7000000
3946,Karyawan_3946,Admin,183,43,6000000
3947,Karyawan_3947,Security,193,43,10000000
3948,Karyawan_3948,Designer,187,53,8500000
3949,Karyawan_3949,Marketing,194,27,6000000
3950,Karyawan_3950,Developer,207,47,6000000
3951,Karyawan_3951,Admin,187,25,10000000
3952,Karyawan_3952,Designer,176,41,10000000
3953,Karyawan_3953,Marketing,156,26,6000000
3954,Karyawan_3954,Marketing,185,46,6000000
3955,Karyawan_3955,Security,152,41,7000000
3956,Karyawan_3956,Marketing,192,44,10000000
3957,Karyawan_3957,Developer,206,33,10000000
3958,Karyawan_3958,Designer,158,37,8500000
3959,Karyawan_3959,Admin,185,57,8500000
3960,Karyawan_3960,Designer,160,44,6000000
3961,Karyawan_3961,Security,168,31,8000000
3962,Karyawan_3962,Designer,184,52,8000000
3963,Karyawan_3963,Security,161,24,10000000
3964,Karyawan_3964,Developer,170,29,6000000
3965,Karyawan_3965,Developer,159,55,7000000
3966,Karyawan_3966,Designer,196,33,7000000
3967,Karyawan_3967,Designer,208,32,8000000
3968,Karyawan_3968,Designer,200,28,8500000
3969,Karyawan_3969,Developer,204,20,7000000
3970,Karyawan_3970,Developer,173,32,8500000
3971,Karyawan_3971,Developer,191,45,8000000
3972,Karyawan_3972,Marketing,195,33,8500000
3973,Karyawan_3973,Designer,156,49,8000000
3974,Karyawan_3974,Developer,188,52,6000000
3975,Karyawan_3975,Admin,188,47,6000000
3976,Karyawan_3976,Admin,189,47,8000000
3977,Karyawan_3977,Designer,186,50,8000000
3978,Karyawan_3978,Developer,198,28,8000000
3979,Karyawan_3979,Security,199,42,10000000
3980,Karyawan_3980,Designer,164,48,6000000
3981,Karyawan_3981,Security,160,39,8000000
3982,Karyawan_3982,Admin,182,37,7000000
3983,Karyawan_3983,Admin,195,41,7000000
3984,Karyawan_3984,Developer,166,42,10000000
3985,Karyawan_3985,Developer,171,38,7000000
3986,Karyawan_3986,Developer,193,41,8000000
3987,Karyawan_3987,Designer,204,35,7000000
3988,Karyawan_3988,Security,200,27,10000000
3989,Karyawan_3989,Marketing,169,24,7000000
3990,Karyawan_3990,Admin,150,32,10000000
3991,Karyawan_3991,Designer,159,39,8000000
3992,Karyawan_3992,Admin,182,52,8000000
3993,Karyawan_3993,Designer,187,23,10000000
3994,Karyawan_3994,Security,206,27,7000000
3995,Karyawan_3995,Marketing,187,49,7000000
3996,Karyawan_3996,Designer,200,42,7000000
3997,Karyawan_3997,Security,153,49,8500000
3998,Karyawan_3998,Marketing,180,22,7000000
3999,Karyawan_3999,Marketing,164,50,7000000
4000,Karyawan_4000,Designer,174,49,8500000
